name,url,price,rating
"uppercase Matrix Professional Anti-theft Laptop Backpack (15.6 Inch) 3x more water resistant sustainable bags with rain proof zippers for Men, Women, Boys and Girls, 750 Days warranty",https://www.amazon.in/sspa/click?ie=UTF8&spc=MTo3MjI5MTk2Mzk3MjI2MTk2OjE2Nzk0MTQ0NzQ6c3BfYXRmOjIwMTEyMDk2MzE3NTk4OjowOjo&url=%2Fuppercase-Professional-Anti-theft-resistant-sustainable%2Fdp%2FB0BSH4H4DB%2Fref%3Dsr_1_1_sspa%3Fcrid%3D2M096C61O4MLT%26keywords%3Dbags%26prefix%3Dba%252Caps%252C283%26qid%3D1679414474%26sr%3D8-1-spons%26sp_csd%3Dd2lkZ2V0TmFtZT1zcF9hdGY%26psc%3D1,"2,300",4.2
"uppercase SealPro Professional Laptop Backpack (15.6 Inch) 3x more water resistant sustainable bags with rain proof zippers & Anti-theft for Men, Women, Boys and Girls, 750 Days warranty",https://www.amazon.in/sspa/click?ie=UTF8&spc=MTo3MjI5MTk2Mzk3MjI2MTk2OjE2Nzk0MTQ0NzQ6c3BfYXRmOjIwMTA1NzE1ODIxNTk4OjowOjo&url=%2Fuppercase-Professional-resistant-sustainable-Anti-theft%2Fdp%2FB0BR1C59R8%2Fref%3Dsr_1_2_sspa%3Fcrid%3D2M096C61O4MLT%26keywords%3Dbags%26prefix%3Dba%252Caps%252C283%26qid%3D1679414474%26sr%3D8-2-spons%26sp_csd%3Dd2lkZ2V0TmFtZT1zcF9hdGY%26psc%3D1,"1,900",4.9
American Tourister 32 Ltrs Black Casual Backpack (AMT FIZZ SCH BAG 02 - BLACK),https://www.amazon.in/American-Tourister-AMT-SCH-02/dp/B07CJCGM1M/ref=sr_1_3?crid=2M096C61O4MLT&keywords=bags&prefix=ba%2Caps%2C283&qid=1679414474&sr=8-3,"1,199",4.0
Wesley Milestone 2.0 Casual Waterproof Laptop Backpack/Office Bag/School Bag/College Bag/Business Bag/Travel Backpack (Dimensions:13x18 inches) (Compatible with 39.62cm(15.6inch laptop) 30 L (Blue & black),https://www.amazon.in/Wesley-Milestone-Waterproof-Backpack-Business/dp/B084JGJ8PF/ref=sr_1_4?crid=2M096C61O4MLT&keywords=bags&prefix=ba%2Caps%2C283&qid=1679414474&sr=8-4,565,4.3
Skybags Brat Black 46 Cms Casual Backpack,https://www.amazon.in/Skybags-Brat-Black-Casual-Backpack/dp/B08Z1HHHTD/ref=sr_1_5?crid=2M096C61O4MLT&keywords=bags&prefix=ba%2Caps%2C283&qid=1679414474&sr=8-5,659,4.1
Lavie Sport Lino Large Size 63 cms Wheel Duffle Bag for Travel | Travel Bag with Trolley,https://www.amazon.in/Lavie-Sport-Duffle-Luggage-Trolley/dp/B097RJ22Q3/ref=sr_1_6?crid=2M096C61O4MLT&keywords=bags&prefix=ba%2Caps%2C283&qid=1679414474&sr=8-6,949,3.9
ADISA 15.6 inch Laptop Backpack Office Bag College Travel Back Pack 32 Ltrs (z-Navy Blue),https://www.amazon.in/ADISA-Laptop-Backpack-Office-College/dp/B09TPX22NF/ref=sr_1_7?crid=2M096C61O4MLT&keywords=bags&prefix=ba%2Caps%2C283&qid=1679414474&sr=8-7,499,3.8
"Amazon Brand - Presto! Oxo-Biodegradable Garbage Bags, Medium - 30 bags/roll (Pack of 6)",https://www.amazon.in/Amazon-Brand-Presto-Oxo-Biodegradable-Garbage/dp/B0821PN8L4/ref=sr_1_8?crid=2M096C61O4MLT&keywords=bags&prefix=ba%2Caps%2C283&qid=1679414474&sr=8-8,339,4.3
"FUR JADEN Anti Theft Number Lock Backpack Bag with 15.6 Inch Laptop Compartment, USB Charging Port & Organizer Pocket for Men Women Boys Girls",https://www.amazon.in/Number-Backpack-Compartment-Charging-Organizer/dp/B09VTCNN75/ref=sr_1_9?crid=2M096C61O4MLT&keywords=bags&prefix=ba%2Caps%2C283&qid=1679414474&sr=8-9,689,3.9
Half Moon 35 L Waterproof Laptop College School Office Bag Backpack for Men Women Boys Girls with 15.6 inch Padded Laptop Compartment & Rain Cover (Navy_Blue),https://www.amazon.in/Half-Moon-Waterproof-Backpack-Students/dp/B085MHDJ93/ref=sr_1_10?crid=2M096C61O4MLT&keywords=bags&prefix=ba%2Caps%2C283&qid=1679414474&sr=8-10,689,3.9
"EUME Propine Laptop Backpack | Built-in Massager, Water Resistant & Anti-Theft | Fits Up-to 15.6"" MacBook (Melange, 22L)",https://www.amazon.in/sspa/click?ie=UTF8&spc=MTo3MjI5MTk2Mzk3MjI2MTk2OjE2Nzk0MTQ0NzQ6c3BfbXRmOjIwMTIxOTcyMjYwNDk4OjowOjo&url=%2FEUME-Propine-Massager-Backpack-Charging%2Fdp%2FB07XG935R9%2Fref%3Dsr_1_11_sspa%3Fcrid%3D2M096C61O4MLT%26keywords%3Dbags%26prefix%3Dba%252Caps%252C283%26qid%3D1679414474%26sr%3D8-11-spons%26sp_csd%3Dd2lkZ2V0TmFtZT1zcF9tdGY%26psc%3D1%26smid%3DAPBFC7AMQ4Q38,"3,499",4.1
"MOKOBARA Backpack 15.5"" Inch Laptop Backpack For Women (16 litres ) Improved (2022 - Model)",https://www.amazon.in/sspa/click?ie=UTF8&spc=MTo3MjI5MTk2Mzk3MjI2MTk2OjE2Nzk0MTQ0NzQ6c3BfbXRmOjIwMTE3Nzk1ODc2OTk4OjowOjo&url=%2FMOKOBARA-TSBPK12CND22001-Backpack-Modern-Love%2Fdp%2FB08T1769X9%2Fref%3Dsr_1_12_sspa%3Fcrid%3D2M096C61O4MLT%26keywords%3Dbags%26prefix%3Dba%252Caps%252C283%26qid%3D1679414474%26sr%3D8-12-spons%26sp_csd%3Dd2lkZ2V0TmFtZT1zcF9tdGY%26psc%3D1%26smid%3DA2ZJIE4OXD710M,"4,499",4.3
Gear CarryOn 16L Foldable Water Resistant School Bag//Backpack/College Bag for Men/Women - Blue Black,https://www.amazon.in/GEAR-Black-Blue-Backpack-years/dp/B019HA8AYG/ref=sr_1_13?crid=2M096C61O4MLT&keywords=bags&prefix=ba%2Caps%2C283&qid=1679414474&sr=8-13,214,3.7
Fur Jaden Brown Textured Leatherette Stylish & Spacious Weekender Duffle Bag for Travel,https://www.amazon.in/FUR-JADEN-Leatherette-Polypropylene-DUFF05/dp/B07M9BRCQ5/ref=sr_1_14?crid=2M096C61O4MLT&keywords=bags&prefix=ba%2Caps%2C283&qid=1679414474&sr=8-14,889,4.3
Lunar's Bingo - 48 L Laptop Office/School/Travel/Business Backpack Water Resistant - Fits Up to 15.6 Inch Laptop Notebook with 1 Year Warranty,https://www.amazon.in/Lunars-Bingo-Laptop-Resistant-48L/dp/B08YZ8FFBZ/ref=sr_1_15?crid=2M096C61O4MLT&keywords=bags&prefix=ba%2Caps%2C283&qid=1679414474&sr=8-15,899,3.9
Gear Aspire 30L Water Restant Office Laptop Bag/Backpack for Men/Women/(Black),https://www.amazon.in/Gear-Black-Laptop-Backpack-LBPASPIRE0104/dp/B075MK4TXP/ref=sr_1_16?crid=2M096C61O4MLT&keywords=bags&prefix=ba%2Caps%2C283&qid=1679414474&sr=8-16,"1,131",4.3
SAFARI 15 Ltrs Sea Blue Casual/School/College Backpack (DAYPACKNEO15CBSEB),https://www.amazon.in/SAFARI-Ltrs-Casual-Backpack-DAYPACKNEO15CBSEB/dp/B07Q7CNPMV/ref=sr_1_17?crid=2M096C61O4MLT&keywords=bags&prefix=ba%2Caps%2C283&qid=1679414474&sr=8-17,299,4.0
"Fur Jaden 55 LTR Rucksack Travel Backpack Bag for Trekking, Hiking with Shoe Compartment",https://www.amazon.in/Rucksack-Travel-Backpack-Trekking-Compartment/dp/B07YDGQQN5/ref=sr_1_18?crid=2M096C61O4MLT&keywords=bags&prefix=ba%2Caps%2C283&qid=1679414474&sr=8-18,839,4.2
"Wesley Milestone 2.0 Casual Waterproof Laptop Backpack/Office Bag/School Bag/College Bag/Business Bag/Travel Backpack (Dimensions:13x18 inches) (Compatible with 39.62cm(15.6inch laptop) 30 L, Charcoal black",https://www.amazon.in/Wesley-Milestone-Waterproof-Backpack-Business/dp/B085S444JV/ref=sr_1_19?crid=2M096C61O4MLT&keywords=bags&prefix=ba%2Caps%2C283&qid=1679414474&sr=8-19,565,4.3
Half Moon Strike 35L Unisex Spacious School/Laptop/College/Office Travel Backpack Bag for Men Women Boys & Girls with 15.6 inch Padded Laptop Compartment & Multiple Pockets,https://www.amazon.in/Half-Moon-Spacious-Backpack-Compartment/dp/B0BLVQ9NTD/ref=sr_1_20?crid=2M096C61O4MLT&keywords=bags&prefix=ba%2Caps%2C283&qid=1679414474&sr=8-20,699,3.7
"Artistix Avian Unisex Water Repellent Anti Theft Travel Backpack with USB Port (Black, 32 L)",https://www.amazon.in/sspa/click?ie=UTF8&spc=MTo3MjI5MTk2Mzk3MjI2MTk2OjE2Nzk0MTQ0NzQ6c3BfYnRmOjIwMDcyMzk1NTEyNzAyOjowOjo&url=%2FArtistix-Unisex-Travel-Backpack-Repellent%2Fdp%2FB09B5DMGM1%2Fref%3Dsr_1_21_sspa%3Fcrid%3D2M096C61O4MLT%26keywords%3Dbags%26prefix%3Dba%252Caps%252C283%26qid%3D1679414474%26sr%3D8-21-spons%26sp_csd%3Dd2lkZ2V0TmFtZT1zcF9idGY%26psc%3D1,"1,989",4.5
"uppercase Apex Professional Laptop Backpack (15.6 Inch) 3x more water resistant sustainable bags with rain proof zippers for Men, Women, Boys and Girls, 750 Days warranty",https://www.amazon.in/sspa/click?ie=UTF8&spc=MTo3MjI5MTk2Mzk3MjI2MTk2OjE2Nzk0MTQ0NzQ6c3BfYnRmOjIwMTA1NDUxODUxNTk4OjowOjo&url=%2Fuppercase-Professional-Backpack-resistant-sustainable%2Fdp%2FB0BR1D4SL1%2Fref%3Dsr_1_22_sspa%3Fcrid%3D2M096C61O4MLT%26keywords%3Dbags%26prefix%3Dba%252Caps%252C283%26qid%3D1679414474%26sr%3D8-22-spons%26sp_csd%3Dd2lkZ2V0TmFtZT1zcF9idGY%26psc%3D1,"1,800",4.9
EUME Propine 22Ltrs Massager Laptop Backpack with Built-in Massager Technology | Fit Upto 15.6 Inch Laptop for Office & Travel | Black Color,https://www.amazon.in/sspa/click?ie=UTF8&spc=MTo4Nzc0ODU0MTgzNTAxOTQ0OjE2Nzk0MTQ0NzY6c3BfYXRmX25leHQ6MjAxMjE5NzIyNjA1OTg6OjA6Og&url=%2FEUME-Propine-Massager-Backpack-Charging%2Fdp%2FB085GDV195%2Fref%3Dsr_1_17_sspa%3Fcrid%3D2M096C61O4MLT%26keywords%3Dbags%26prefix%3Dba%252Caps%252C283%26qid%3D1679414476%26sr%3D8-17-spons%26sp_csd%3Dd2lkZ2V0TmFtZT1zcF9hdGZfbmV4dA%26psc%3D1%26smid%3DAPBFC7AMQ4Q38,"3,499",4.1
"uppercase Matrix Professional Anti-theft Laptop Backpack (15.6 Inch) 3x more water resistant sustainable bags with rain proof zippers for Men, Women, Boys and Girls, 750 Days warranty",https://www.amazon.in/sspa/click?ie=UTF8&spc=MTo4Nzc0ODU0MTgzNTAxOTQ0OjE2Nzk0MTQ0NzY6c3BfYXRmX25leHQ6MjAxMTIwOTYzMTc1OTg6OjA6Og&url=%2Fuppercase-Professional-Anti-theft-resistant-sustainable%2Fdp%2FB0BSH4H4DB%2Fref%3Dsr_1_18_sspa%3Fcrid%3D2M096C61O4MLT%26keywords%3Dbags%26prefix%3Dba%252Caps%252C283%26qid%3D1679414476%26sr%3D8-18-spons%26sp_csd%3Dd2lkZ2V0TmFtZT1zcF9hdGZfbmV4dA%26psc%3D1,"2,300",4.2
Fur Jaden Anti Theft Backpack 15.6 Inch Laptop Bag with USB Charging Port,https://www.amazon.in/Fur-Jaden-Black-Waterproof-Backpack/dp/B078GLXMDY/ref=sr_1_19?crid=2M096C61O4MLT&keywords=bags&prefix=ba%2Caps%2C283&qid=1679414476&sr=8-19,799,4.0
"American Tourister VALEX BLUE LAPTOP BACKPACK 28 Ltrs,Volume, LAPTOP COMPARTMENT, BOTTLE POCKET, FRONT ORGANIZER",https://www.amazon.in/American-Tourister-BACKPACK-COMPARTMENT-ORGANIZER/dp/B0BTD4FK9G/ref=sr_1_20?crid=2M096C61O4MLT&keywords=bags&prefix=ba%2Caps%2C283&qid=1679414476&sr=8-20,"1,299",4.1
DEIN KLEIDER Men's Nylon Messenger Bag,https://www.amazon.in/Kleider-Travel-Business-Messenger-Shoulder/dp/B084ZHP97M/ref=sr_1_21?crid=2M096C61O4MLT&keywords=bags&prefix=ba%2Caps%2C283&qid=1679414476&sr=8-21,349,4.0
Wesley Spartan Unisex Travel Hiking Laptop Bag fits Upto 17.3 inch with Raincover and Internal Organiser Backpack Rucksack College Bag,https://www.amazon.in/Wesley-Spartan-Hiking-Raincover-Organiser/dp/B098QFF5TJ/ref=sr_1_22?crid=2M096C61O4MLT&keywords=bags&prefix=ba%2Caps%2C283&qid=1679414476&sr=8-22,790,4.1
Gear Classic 20L Faux Leather Water Resistant Anti Theft Laptop Bag/Backpack for Men/Women-Brown,https://www.amazon.in/Gear-Classic-Leather-Backpack-LBPCLSLTH0201/dp/B07G4F6XFH/ref=sr_1_23?crid=2M096C61O4MLT&keywords=bags&prefix=ba%2Caps%2C283&qid=1679414476&sr=8-23,"1,075",4.4
ADISA 35L Large Laptop Backpack Office Bag College Travel Back Pack with rain Cover (Grey),https://www.amazon.in/ADISA-Laptop-Backpack-Office-College/dp/B0BPVLXD53/ref=sr_1_24?crid=2M096C61O4MLT&keywords=bags&prefix=ba%2Caps%2C283&qid=1679414476&sr=8-24,599,4.0
Arctic Fox 15 Liters Draw String Bag Lavender Backpack,https://www.amazon.in/Arctic-Fox-Liters-String-Backpack/dp/B08L6Q9V1H/ref=sr_1_25?crid=2M096C61O4MLT&keywords=bags&prefix=ba%2Caps%2C283&qid=1679414476&sr=8-25,222,4.3
ADISA 35L Large Laptop Backpack Office Bag College Travel Back Pack with rain Cover (Green),https://www.amazon.in/ADISA-Laptop-Backpack-Office-College/dp/B0BPVCBFM7/ref=sr_1_26?crid=2M096C61O4MLT&keywords=bags&prefix=ba%2Caps%2C283&qid=1679414476&sr=8-26,599,4.0
"MOKOBARA Backpack 15.5"" Inch Laptop Backpack For Women (16 litres ) Improved (2022 - Model)",https://www.amazon.in/sspa/click?ie=UTF8&spc=MTo4Nzc0ODU0MTgzNTAxOTQ0OjE2Nzk0MTQ0NzY6c3BfbXRmOjIwMTE3Nzk1ODc2OTk4OjowOjo&url=%2FMOKOBARA-TSBPK12CND22001-Backpack-Modern-Love%2Fdp%2FB08T1769X9%2Fref%3Dsr_1_27_sspa%3Fcrid%3D2M096C61O4MLT%26keywords%3Dbags%26prefix%3Dba%252Caps%252C283%26qid%3D1679414476%26sr%3D8-27-spons%26sp_csd%3Dd2lkZ2V0TmFtZT1zcF9tdGY%26psc%3D1%26smid%3DA2ZJIE4OXD710M,"4,499",4.3
"uppercase Apex Professional Laptop Backpack (15.6 Inch) 3x more water resistant sustainable bags with rain proof zippers for Men, Women, Boys and Girls, 750 Days warranty",https://www.amazon.in/sspa/click?ie=UTF8&spc=MTo4Nzc0ODU0MTgzNTAxOTQ0OjE2Nzk0MTQ0NzY6c3BfbXRmOjIwMTA1NDUxODUxNTk4OjowOjo&url=%2Fuppercase-Professional-Backpack-resistant-sustainable%2Fdp%2FB0BR1D4SL1%2Fref%3Dsr_1_28_sspa%3Fcrid%3D2M096C61O4MLT%26keywords%3Dbags%26prefix%3Dba%252Caps%252C283%26qid%3D1679414476%26sr%3D8-28-spons%26sp_csd%3Dd2lkZ2V0TmFtZT1zcF9tdGY%26psc%3D1,"1,800",4.9
NIVIA Basic Duffle Polyester Bag/Gym Bags/Adjustable Shoulder Bag for Men/Duffle Gym Bags for Men/Fitness Bag/Carry Bags/Sports & Travel Bag/Sports Kit/Duffle Bags Travel,https://www.amazon.in/Nivia-6853-Polyester-Basic-Duffle/dp/B07FWQ9HRV/ref=sr_1_29?crid=2M096C61O4MLT&keywords=bags&prefix=ba%2Caps%2C283&qid=1679414476&sr=8-29,239,4.0
"Safari Flash Casual Backpack, 26 ltr Water Resistant Travel Bags| Weight Polyester Bagpack for Men and Women, Spacious Shoulder Bag for College, Office, Travelling and Camping",https://www.amazon.in/Safari-Backpack-Resistant-Polyester-Travelling/dp/B09B29F66W/ref=sr_1_30?crid=2M096C61O4MLT&keywords=bags&prefix=ba%2Caps%2C283&qid=1679414476&sr=8-30,799,3.9
Wesley Milestone 15.6 inch 25 L Casual Waterproof Laptop Backpack/Office Bag/School Bag/College Bag/Business Bag/Unisex Travel Backpack,https://www.amazon.in/Wesley-Milestone-Waterproof-Backpack-Business/dp/B07PLKV6D1/ref=sr_1_31?crid=2M096C61O4MLT&keywords=bags&prefix=ba%2Caps%2C283&qid=1679414476&sr=8-31,473,4.3
"Mi Step Out 12 L Mini Backpack (Small Size, Black, Water Repellant)",https://www.amazon.in/Backpack-Small-Black-Water-Repellant/dp/B088XB5XY8/ref=sr_1_32?crid=2M096C61O4MLT&keywords=bags&prefix=ba%2Caps%2C283&qid=1679414476&sr=8-32,398,4.1
ADISA Light Weight Laptop Backpack 32 Ltrs,https://www.amazon.in/ADISA-BP005-Weight-Casual-Backpack/dp/B07F3X45WZ/ref=sr_1_33?crid=2M096C61O4MLT&keywords=bags&prefix=ba%2Caps%2C283&qid=1679414476&sr=8-33,499,4.0
"Safari Quill Laptop Backpack 26 Ltrs Water Resistant Fabric - Black, L (QUILL19CBBLK)",https://www.amazon.in/Safari-Laptop-Backpack-Resistant-Fabric/dp/B09B25Z8M2/ref=sr_1_34?crid=2M096C61O4MLT&keywords=bags&prefix=ba%2Caps%2C283&qid=1679414476&sr=8-34,799,3.9
"Mi Step Out 12 L Mini Backpack (Small Size, Dark Blue, Water Repellant)",https://www.amazon.in/Step-Backpack-Small-Water-Repellant/dp/B088XH1BP7/ref=sr_1_35?crid=2M096C61O4MLT&keywords=bags&prefix=ba%2Caps%2C283&qid=1679414476&sr=8-35,299,4.1
ADISA 35L Large Laptop Backpack Office Bag College Travel Back Pack with rain Cover (Black),https://www.amazon.in/ADISA-Laptop-Backpack-Office-College/dp/B0BPTV3795/ref=sr_1_36?crid=2M096C61O4MLT&keywords=bags&prefix=ba%2Caps%2C283&qid=1679414476&sr=8-36,599,4.0
HEROZ Hacker 50 litres Nylon Travel Laptop Backpack Water Resistant Slim Durable Computer Book Bag Tracking Fits Up to 17.3-inch Laptop (058- ALL) (Navy Blue),https://www.amazon.in/sspa/click?ie=UTF8&spc=MTo4Nzc0ODU0MTgzNTAxOTQ0OjE2Nzk0MTQ0NzY6c3BfYnRmOjIwMDMyNTY1MDQ2ODk4OjowOjo&url=%2FHEROZ-Backpack-Resistant-Computer-17-3-inch%2Fdp%2FB083N3DCTM%2Fref%3Dsr_1_37_sspa%3Fcrid%3D2M096C61O4MLT%26keywords%3Dbags%26prefix%3Dba%252Caps%252C283%26qid%3D1679414476%26sr%3D8-37-spons%26sp_csd%3Dd2lkZ2V0TmFtZT1zcF9idGY%26psc%3D1,"1,439",4.1
HEROZ Hammer Unisex Nylon 45 L Travel Laptop Backpack Water Resistant Slim Durable Fits Up to 17.3 Inch Laptop Notebook (Grey & Red),https://www.amazon.in/sspa/click?ie=UTF8&spc=MTo4Nzc0ODU0MTgzNTAxOTQ0OjE2Nzk0MTQ0NzY6c3BfYnRmOjIwMDMxMzA3NTc2MDk4OjowOjo&url=%2FHEROZ-Hammer-Durable-Travel-Laptop%2Fdp%2FB07MGDGZR3%2Fref%3Dsr_1_38_sspa%3Fcrid%3D2M096C61O4MLT%26keywords%3Dbags%26prefix%3Dba%252Caps%252C283%26qid%3D1679414476%26sr%3D8-38-spons%26sp_csd%3Dd2lkZ2V0TmFtZT1zcF9idGY%26psc%3D1,"1,349",4.3
"EUME Propine Laptop Backpack | Built-in Massager, Water Resistant & Anti-Theft | Fits Up-to 15.6"" MacBook (Melange, 22L)",https://www.amazon.in/sspa/click?ie=UTF8&spc=MTo3OTQ2NjcwMDM4NTc0MzY2OjE2Nzk0MTQ0Nzg6c3BfYXRmX25leHQ6MjAxMjE5NzIyNjA0OTg6OjA6Og&url=%2FEUME-Propine-Massager-Backpack-Charging%2Fdp%2FB07XG935R9%2Fref%3Dsr_1_33_sspa%3Fcrid%3D2M096C61O4MLT%26keywords%3Dbags%26prefix%3Dba%252Caps%252C283%26qid%3D1679414478%26sr%3D8-33-spons%26sp_csd%3Dd2lkZ2V0TmFtZT1zcF9hdGZfbmV4dA%26psc%3D1%26smid%3DAPBFC7AMQ4Q38,"3,499",4.1
"uppercase Apex Professional Laptop Backpack (15.6 Inch) 3x more water resistant sustainable bags with rain proof zippers for Men, Women, Boys and Girls, 750 Days warranty",https://www.amazon.in/sspa/click?ie=UTF8&spc=MTo3OTQ2NjcwMDM4NTc0MzY2OjE2Nzk0MTQ0Nzg6c3BfYXRmX25leHQ6MjAxMjU4OTk5MjA2OTg6OjA6Og&url=%2Fuppercase-Professional-Backpack-resistant-sustainable%2Fdp%2FB0BWNBQXDZ%2Fref%3Dsr_1_34_sspa%3Fcrid%3D2M096C61O4MLT%26keywords%3Dbags%26prefix%3Dba%252Caps%252C283%26qid%3D1679414478%26sr%3D8-34-spons%26sp_csd%3Dd2lkZ2V0TmFtZT1zcF9hdGZfbmV4dA%26psc%3D1,"1,800",4.9
"Wesley Unisex Milestone Casual Waterproof Laptop Office School College Business Travel Backpack 25 L (Dimensions: 12.5x18 inches) (Compatible with 15.6 inch laptops), Navy Blue",https://www.amazon.in/Wesley-Milestone-Waterproof-Backpack-Business/dp/B07K8KLB3P/ref=sr_1_35?crid=2M096C61O4MLT&keywords=bags&prefix=ba%2Caps%2C283&qid=1679414478&sr=8-35,448,4.3
"Lenovo 15.6"" (39.62cm) Slim Everyday Backpack, Made in India, Compact, Water-resistant, Organized storage:Laptop sleeve,tablet pocket,front workstation,2-side pockets,Padded adjustable shoulder straps",https://www.amazon.in/Lenovo-15-6-Inches-Everyday-Backpack/dp/B08R7RPVJF/ref=sr_1_36?crid=2M096C61O4MLT&keywords=bags&prefix=ba%2Caps%2C283&qid=1679414478&sr=8-36,652,4.4
F Gear Luxur Brown 25 liter Laptop Backpack (2404),https://www.amazon.in/F-Gear-Luxur-Brown-Backpack/dp/B01F7AX9ZA/ref=sr_1_37?crid=2M096C61O4MLT&keywords=bags&prefix=ba%2Caps%2C283&qid=1679414478&sr=8-37,"1,032",4.4
"Safari Quill Laptop Backpack 26 Ltrs Water Resistant Fabric - Blue, L (QUILL19CBBLU)",https://www.amazon.in/Safari-Laptop-Backpack-Resistant-Fabric/dp/B09B28TKLG/ref=sr_1_38?crid=2M096C61O4MLT&keywords=bags&prefix=ba%2Caps%2C283&qid=1679414478&sr=8-38,799,4.1
NIVIA Basic Duffle Polyester Bag/Gym Bags/Adjustable Shoulder Bag for Men/Duffle Gym Bags for Men/Fitness Bag/Carry Bags/Sports & Travel Bag/Sports Kit/Duffle Bags Travel,https://www.amazon.in/Nivia-6853-Polyester-Basic-Duffle/dp/B07FWQ9HRV/ref=sr_1_39?crid=2M096C61O4MLT&keywords=bags&prefix=ba%2Caps%2C283&qid=1679414478&sr=8-39,239,4.0
Zipline Unisex Casual Polyester 36 L Backpack School Bag Women Men Boys Girls Children Daypack College Bag Book School Sports Bag,https://www.amazon.in/Zipline-Nexa-Resistant-Bagpack-Backpack/dp/B08WQ668WJ/ref=sr_1_40?crid=2M096C61O4MLT&keywords=bags&prefix=ba%2Caps%2C283&qid=1679414478&sr=8-40,843,3.7
NIVIA Beast Gym Bag-4 Polyester/Unisex Gym Bags/Shoulder Bag for Men & Women with Separate Shoes Compartment/Carry Gym Accessories/Fitness Bag/Sports & Travel Bag/Sports Kit,https://www.amazon.in/Nivia-5183-Polyester-Duffle-Medium/dp/B071KNXQ7Y/ref=sr_1_41?crid=2M096C61O4MLT&keywords=bags&prefix=ba%2Caps%2C283&qid=1679414478&sr=8-41,529,4.2
"Tabelito® Casual Laptop Bag 15.6inch (39.6 cm) , 25 LTR Office College School Bags Business Travel Backpack for Men Women Water Resistant Bags(BLACK)",https://www.amazon.in/Tabelito-Laptop-Backpack-15-6-inch-Repellent/dp/B08Y5S6C2P/ref=sr_1_42?crid=2M096C61O4MLT&keywords=bags&prefix=ba%2Caps%2C283&qid=1679414478&sr=8-42,549,4.2
"MOKOBARA Backpack 15.5"" Inch Laptop Backpack For Women (16 litres ) Improved (2022 - Model)",https://www.amazon.in/sspa/click?ie=UTF8&spc=MTo3OTQ2NjcwMDM4NTc0MzY2OjE2Nzk0MTQ0Nzg6c3BfbXRmOjIwMTE3Nzk1ODc2OTk4OjowOjo&url=%2FMOKOBARA-TSBPK12CND22001-Backpack-Modern-Love%2Fdp%2FB08T1769X9%2Fref%3Dsr_1_43_sspa%3Fcrid%3D2M096C61O4MLT%26keywords%3Dbags%26prefix%3Dba%252Caps%252C283%26qid%3D1679414478%26sr%3D8-43-spons%26sp_csd%3Dd2lkZ2V0TmFtZT1zcF9tdGY%26psc%3D1%26smid%3DA2ZJIE4OXD710M,"4,499",4.3
The Clownfish Tramp 33 Litre Water Resistant Polyester Two Wheel Laptop Trolley Backpack (Black- Size 48 Cm),https://www.amazon.in/sspa/click?ie=UTF8&spc=MTo3OTQ2NjcwMDM4NTc0MzY2OjE2Nzk0MTQ0Nzg6c3BfbXRmOjIwMDgwMjg4MjI1OTk4OjowOjo&url=%2FClownfish-Resistant-Polyester-Trolley-Backpack%2Fdp%2FB0BFL7SVSM%2Fref%3Dsr_1_44_sspa%3Fcrid%3D2M096C61O4MLT%26keywords%3Dbags%26prefix%3Dba%252Caps%252C283%26qid%3D1679414478%26sr%3D8-44-spons%26sp_csd%3Dd2lkZ2V0TmFtZT1zcF9tdGY%26psc%3D1,"5,699",5.0
"AirCase Laptop Bag Backpack Case Pouch for Laptop Backpack for Men & Women,Premium Vegan Leather",https://www.amazon.in/AirCase-C34-Laptop-Backpack-Women/dp/B07QN4KXWG/ref=sr_1_45?crid=2M096C61O4MLT&keywords=bags&prefix=ba%2Caps%2C283&qid=1679414478&sr=8-45,929,3.9
"Sfane Polyester 9.05 Black Men & Women Trendy Black Sports Duffle Gym Bag, Shoulder Bag",https://www.amazon.in/Sfane-Women-Trendy-Black-Duffel/dp/B07GCR84D9/ref=sr_1_46?crid=2M096C61O4MLT&keywords=bags&prefix=ba%2Caps%2C283&qid=1679414478&sr=8-46,297,4.2
F Gear Enzo Sports Waist Bag (.Black Blue),https://www.amazon.in/F-Gear-Enzo-Black-Blue-Waist-Bag/dp/B0862LXJYT/ref=sr_1_47?crid=2M096C61O4MLT&keywords=bags&prefix=ba%2Caps%2C283&qid=1679414478&sr=8-47,200,4.2
"Lunar's Unisex 50L Water Resistant Office/Travel/Business Laptop Backpack, Bag for up to 17.3 inch Laptop/MacBook with rain Cover and 2 Large compartments",https://www.amazon.in/Lunars-Travel-Laptop-Bag-compartments/dp/B08NHL52MK/ref=sr_1_48?crid=2M096C61O4MLT&keywords=bags&prefix=ba%2Caps%2C283&qid=1679414478&sr=8-48,"1,199",4.0
"Genie Lush School Bag for Girls, 17 inch Backpack for Women, 3 compartments Water Resistant Stylish and Trendy College Backpacks for Girls",https://www.amazon.in/Genie-Black-School-Backpack-LUSH19SBBLK/dp/B07QHLBBPM/ref=sr_1_49?crid=2M096C61O4MLT&keywords=bags&prefix=ba%2Caps%2C283&qid=1679414478&sr=8-49,955,4.1
American Tourister Casual Backpack,https://www.amazon.in/American-Tourister-AMT-SCH-BAG01/dp/B07CJCFNZG/ref=sr_1_50?crid=2M096C61O4MLT&keywords=bags&prefix=ba%2Caps%2C283&qid=1679414478&sr=8-50,"1,139",4.1
"Luv Lap Baby Breast Milk Storage Bags (Pack of 50), BPA Free Disposable Milk Freezer Bags for Breast Feeding, Transparent",https://www.amazon.in/Storage-Disposable-Freezer-Feeding-Transparent/dp/B099ZVTNCP/ref=sr_1_51?crid=2M096C61O4MLT&keywords=bags&prefix=ba%2Caps%2C283&qid=1679414478&sr=8-51,569,4.4
Tommy Hilfiger Joshua 15 inch 21 Ltrs Light Grey Laptop Backpack (TH/JOSHUALAP07),https://www.amazon.in/Hilfiger-Joshua-Backpack-TH-JOSHUALAP01/dp/B07N8GRWTZ/ref=sr_1_52?crid=2M096C61O4MLT&keywords=bags&prefix=ba%2Caps%2C283&qid=1679414478&sr=8-52,"2,239",3.9
"uppercase SealPro Professional Laptop Backpack (15.6 Inch) 3x more water resistant sustainable bags with rain proof zippers & Anti-theft for Men, Women, Boys and Girls, 750 Days warranty",https://www.amazon.in/sspa/click?ie=UTF8&spc=MTo3OTQ2NjcwMDM4NTc0MzY2OjE2Nzk0MTQ0Nzg6c3BfYnRmOjIwMTA1NzE1ODIxNTk4OjowOjo&url=%2Fuppercase-Professional-resistant-sustainable-Anti-theft%2Fdp%2FB0BR1C59R8%2Fref%3Dsr_1_53_sspa%3Fcrid%3D2M096C61O4MLT%26keywords%3Dbags%26prefix%3Dba%252Caps%252C283%26qid%3D1679414478%26sr%3D8-53-spons%26sp_csd%3Dd2lkZ2V0TmFtZT1zcF9idGY%26psc%3D1,"1,900",4.9
HEROZ Hammer Unisex Nylon 45 L Travel Laptop Backpack Water Resistant Slim Durable Fits Up to 17.3 Inch Laptop Notebook (All) (Navy Blue & Sky Blue),https://www.amazon.in/sspa/click?ie=UTF8&spc=MTo3OTQ2NjcwMDM4NTc0MzY2OjE2Nzk0MTQ0Nzg6c3BfYnRmOjIwMTEzNzg4MTc1MTk4OjowOjo&url=%2FHEROZ-Backpack-Resistant-Durable-Notebook%2Fdp%2FB08BYQZYYC%2Fref%3Dsr_1_54_sspa%3Fcrid%3D2M096C61O4MLT%26keywords%3Dbags%26prefix%3Dba%252Caps%252C283%26qid%3D1679414478%26sr%3D8-54-spons%26sp_csd%3Dd2lkZ2V0TmFtZT1zcF9idGY%26psc%3D1,"1,349",4.3
"MOKOBARA Backpack 15.5"" Inch Laptop Backpack For Women (16 litres ) Improved (2022 - Model)",https://www.amazon.in/sspa/click?ie=UTF8&spc=MTozNTA0MzI0ODE1NjU0MzQwOjE2Nzk0MTQ0ODA6c3BfYXRmX25leHQ6MjAxMTc3OTU4NzY5OTg6OjA6Og&url=%2FMOKOBARA-TSBPK12CND22001-Backpack-Modern-Love%2Fdp%2FB08T1769X9%2Fref%3Dsr_1_49_sspa%3Fcrid%3D2M096C61O4MLT%26keywords%3Dbags%26prefix%3Dba%252Caps%252C283%26qid%3D1679414480%26sr%3D8-49-spons%26sp_csd%3Dd2lkZ2V0TmFtZT1zcF9hdGZfbmV4dA%26psc%3D1%26smid%3DA2ZJIE4OXD710M,"4,499",4.3
"uppercase Matrix Professional Anti-theft Laptop Backpack (15.6 Inch) 3x more water resistant sustainable bags with rain proof zippers for Men, Women, Boys and Girls, 750 Days warranty",https://www.amazon.in/sspa/click?ie=UTF8&spc=MTozNTA0MzI0ODE1NjU0MzQwOjE2Nzk0MTQ0ODA6c3BfYXRmX25leHQ6MjAxMTIwOTYzMTc1OTg6OjA6Og&url=%2Fuppercase-Professional-Anti-theft-resistant-sustainable%2Fdp%2FB0BSH4H4DB%2Fref%3Dsr_1_50_sspa%3Fcrid%3D2M096C61O4MLT%26keywords%3Dbags%26prefix%3Dba%252Caps%252C283%26qid%3D1679414480%26sr%3D8-50-spons%26sp_csd%3Dd2lkZ2V0TmFtZT1zcF9hdGZfbmV4dA%26psc%3D1,"2,300",4.2
DZert Kids School Bag Soft Plush Backpacks Cartoon Boys Girls Baby (2-5 Years),https://www.amazon.in/DZert-Fabric-Multicolour-Spiderman-Printed/dp/B07BNS3KNX/ref=sr_1_51?crid=2M096C61O4MLT&keywords=bags&prefix=ba%2Caps%2C283&qid=1679414480&sr=8-51,239,3.8
"American Tourister VALEX BLACK LAPTOP BACKPACK 28 Ltrs,Volume, LAPTOP COMPARTMENT, BOTTLE POCKET, FRONT ORGANIZER",https://www.amazon.in/American-Tourister-BACKPACK-COMPARTMENT-ORGANIZER/dp/B0BTD4S4XF/ref=sr_1_52?crid=2M096C61O4MLT&keywords=bags&prefix=ba%2Caps%2C283&qid=1679414480&sr=8-52,"1,299",4.1
Bennett™ Mystic Unisex Adult Men's Laptop Bag 15.6 inch Side Shoulder Briefcase Satchel Messenger Business Bags for Men & Women Front Pocket for Laptop Accessories - Black (6 Month Warranty),https://www.amazon.in/BennettTM-Shoulder-Messenger-Repellent-Charcoal/dp/B09CV24TMK/ref=sr_1_53?crid=2M096C61O4MLT&keywords=bags&prefix=ba%2Caps%2C283&qid=1679414480&sr=8-53,512,4.1
NIVIA Deflate Round 01 Polyester Gym Bag/Unisex Gym Bags/Adjustable Shoulder Bag for Men/Duffle Gym Bags for Men/Carry Gym Accessories/Fitness Bag/Sports &Travel Bag/Gym kit Bag,https://www.amazon.in/Nivia-Deflate-5180BK-Polyester-Round/dp/B07222KX3S/ref=sr_1_54?crid=2M096C61O4MLT&keywords=bags&prefix=ba%2Caps%2C283&qid=1679414480&sr=8-54,449,4.2
"Fur Jaden 15.6 Inch Laptop Backpack 25 LTR Bag for School, College and Office with USB Charging Port",https://www.amazon.in/Casual-Backpack-Charging-Laptop-Compartment/dp/B07J46KLFP/ref=sr_1_55?crid=2M096C61O4MLT&keywords=bags&prefix=ba%2Caps%2C283&qid=1679414480&sr=8-55,489,3.9
Half Moon 30L Waterproof 15.6 inch Laptop Office School College Bag Backpack for Men Women Boys & Girls,https://www.amazon.in/Half-Moon-Waterproof-Laptop-Backpack/dp/B09QM9N1B3/ref=sr_1_56?crid=2M096C61O4MLT&keywords=bags&prefix=ba%2Caps%2C283&qid=1679414480&sr=8-56,589,3.6
Puma Unisex teamGOAL 23 Backpack Core Black X,https://www.amazon.in/Puma-76855-teamGOAL-Backpack-Core/dp/B07XJPLL27/ref=sr_1_57?crid=2M096C61O4MLT&keywords=bags&prefix=ba%2Caps%2C283&qid=1679414480&sr=8-57,939,4.3
Zipline Unisex casual polyester 36 L Backpack School Bag Women Men Boys Girls children Daypack College Bag Book School Sports Bag Weekend Bag,https://www.amazon.in/ZIPLINE-Polyester-Backpack-Children-Daypack/dp/B07XVMR33Q/ref=sr_1_58?crid=2M096C61O4MLT&keywords=bags&prefix=ba%2Caps%2C283&qid=1679414480&sr=8-58,834,4.0
"EUME Propine Laptop Backpack | Built-in Massager, Water Resistant & Anti-Theft | Fits Up-to 15.6"" MacBook (Melange, 22L)",https://www.amazon.in/sspa/click?ie=UTF8&spc=MTozNTA0MzI0ODE1NjU0MzQwOjE2Nzk0MTQ0ODA6c3BfbXRmOjIwMTIxOTcyMjYwNDk4OjowOjo&url=%2FEUME-Propine-Massager-Backpack-Charging%2Fdp%2FB07XG935R9%2Fref%3Dsr_1_59_sspa%3Fcrid%3D2M096C61O4MLT%26keywords%3Dbags%26prefix%3Dba%252Caps%252C283%26qid%3D1679414480%26sr%3D8-59-spons%26sp_csd%3Dd2lkZ2V0TmFtZT1zcF9tdGY%26psc%3D1%26smid%3DAPBFC7AMQ4Q38,"3,499",4.1
"uppercase Apex Professional Laptop Backpack (15.6 Inch) 3x more water resistant sustainable bags with rain proof zippers for Men, Women, Boys and Girls, 750 Days warranty",https://www.amazon.in/sspa/click?ie=UTF8&spc=MTozNTA0MzI0ODE1NjU0MzQwOjE2Nzk0MTQ0ODA6c3BfbXRmOjIwMTA1NDUxODUxNTk4OjowOjo&url=%2Fuppercase-Professional-Backpack-resistant-sustainable%2Fdp%2FB0BR1D4SL1%2Fref%3Dsr_1_60_sspa%3Fcrid%3D2M096C61O4MLT%26keywords%3Dbags%26prefix%3Dba%252Caps%252C283%26qid%3D1679414480%26sr%3D8-60-spons%26sp_csd%3Dd2lkZ2V0TmFtZT1zcF9tdGY%26psc%3D1,"1,800",4.9
Lenovo Casual Laptop Backpack B210 15.6-inch(39.6cm) Water Repellent Black,https://www.amazon.in/Lenovo-Laptop-Backpack-15-6-Inch-GX40Q17225/dp/B075Y72PHZ/ref=sr_1_62?crid=2M096C61O4MLT&keywords=bags&prefix=ba%2Caps%2C283&qid=1679414480&sr=8-62,799,4.2
Lunar's Comet 35L Water Resistant Travel Bagpack/College Backpack/School Bag/Office Bag/Business Backpack/Daypack for Men and Women with 1 Year Warranty,https://www.amazon.in/Lunars-Comet-Resistant-Casual-Backpack/dp/B07WNFN1XS/ref=sr_1_63?crid=2M096C61O4MLT&keywords=bags&prefix=ba%2Caps%2C283&qid=1679414480&sr=8-63,799,4.0
POLICE Backpack for Men Casual Laptop Bag Office/Travel/College 30 Ltr Hedge Polyester - Black,https://www.amazon.in/Police-Polyester-laptop-casual-backpack/dp/B09CQ5T3LN/ref=sr_1_64?crid=2M096C61O4MLT&keywords=bags&prefix=ba%2Caps%2C283&qid=1679414480&sr=8-64,"1,399",4.1
"WILD MODA Women's Shoulder Bag, Set of 1",https://www.amazon.in/WILD-MODA-Womens-Shoulder-Turquoise/dp/B099PLT91X/ref=sr_1_65?crid=2M096C61O4MLT&keywords=bags&prefix=ba%2Caps%2C283&qid=1679414480&sr=8-65,849,4.3
"Safari Sneak Casual Backpack with USB Charging Port 26 Ltrs Water Resistant Fabric - Grey, L (SNEAK19CBGRE)",https://www.amazon.in/Safari-Casual-Backpack-Charging-Resistant/dp/B09B2581S9/ref=sr_1_66?crid=2M096C61O4MLT&keywords=bags&prefix=ba%2Caps%2C283&qid=1679414480&sr=8-66,949,3.7
TRAWOC 80L Travel Backpack for Men & Women Outdoor Sport Camp Hiking Trekking Bag Camping Rucksack,https://www.amazon.in/TRAWOC-Backpack-Trekking-Rucksack-Warranty/dp/B0847PGZZM/ref=sr_1_67?crid=2M096C61O4MLT&keywords=bags&prefix=ba%2Caps%2C283&qid=1679414480&sr=8-67,"2,380",4.4
AmazonBasics - Casual Backpack/Office Bag/ for a 15.6-inch Laptop,https://www.amazon.in/AmazonBasics-Casual-Backpack-Office-15-6-inch/dp/B09W4VMZ79/ref=sr_1_68?crid=2M096C61O4MLT&keywords=bags&prefix=ba%2Caps%2C283&qid=1679414480&sr=8-68,709,4.2
HEROZ Hacker 50 litres Nylon Travel Laptop Backpack Water Resistant Slim Durable Computer Book Bag Tracking Fits Up to 17.3-inch Laptop (058- ALL) (Navy Blue),https://www.amazon.in/sspa/click?ie=UTF8&spc=MTozNTA0MzI0ODE1NjU0MzQwOjE2Nzk0MTQ0ODA6c3BfYnRmOjIwMDMyNTY1MDQ2ODk4OjowOjo&url=%2FHEROZ-Backpack-Resistant-Computer-17-3-inch%2Fdp%2FB083N3DCTM%2Fref%3Dsr_1_69_sspa%3Fcrid%3D2M096C61O4MLT%26keywords%3Dbags%26prefix%3Dba%252Caps%252C283%26qid%3D1679414480%26sr%3D8-69-spons%26sp_csd%3Dd2lkZ2V0TmFtZT1zcF9idGY%26psc%3D1,"1,439",4.1
HEROZ Hammer Unisex Nylon 45 L Travel Laptop Backpack Water Resistant Slim Durable Fits Up to 17.3 Inch Laptop Notebook (All) (Navy Blue & Sky Blue),https://www.amazon.in/sspa/click?ie=UTF8&spc=MTozNTA0MzI0ODE1NjU0MzQwOjE2Nzk0MTQ0ODA6c3BfYnRmOjIwMTEzNzg4MTc1MTk4OjowOjo&url=%2FHEROZ-Backpack-Resistant-Durable-Notebook%2Fdp%2FB08BYQZYYC%2Fref%3Dsr_1_70_sspa%3Fcrid%3D2M096C61O4MLT%26keywords%3Dbags%26prefix%3Dba%252Caps%252C283%26qid%3D1679414480%26sr%3D8-70-spons%26sp_csd%3Dd2lkZ2V0TmFtZT1zcF9idGY%26psc%3D1,"1,349",4.3
"MOKOBARA Backpack 15.5"" Inch Laptop Backpack For Women (16 litres ) Improved (2022 - Model)",https://www.amazon.in/sspa/click?ie=UTF8&spc=MTozMDg2NTExMTI2NDY4OTY1OjE2Nzk0MTQ1Njc6c3BfYXRmX25leHQ6MjAxMTc3OTU4NzY5OTg6OjA6Og&url=%2FMOKOBARA-TSBPK12CND22001-Backpack-Modern-Love%2Fdp%2FB08T1769X9%2Fref%3Dsr_1_65_sspa%3Fcrid%3D2M096C61O4MLT%26keywords%3Dbags%26prefix%3Dba%252Caps%252C283%26qid%3D1679414567%26sr%3D8-65-spons%26sp_csd%3Dd2lkZ2V0TmFtZT1zcF9hdGZfbmV4dA%26psc%3D1%26smid%3DA2ZJIE4OXD710M,"4,499",4.3
"uppercase Matrix Professional Anti-theft Laptop Backpack (15.6 Inch) 3x more water resistant sustainable bags with rain proof zippers for Men, Women, Boys and Girls, 750 Days warranty",https://www.amazon.in/sspa/click?ie=UTF8&spc=MTozMDg2NTExMTI2NDY4OTY1OjE2Nzk0MTQ1Njc6c3BfYXRmX25leHQ6MjAxMTIwOTYzMTc1OTg6OjA6Og&url=%2Fuppercase-Professional-Anti-theft-resistant-sustainable%2Fdp%2FB0BSH4H4DB%2Fref%3Dsr_1_66_sspa%3Fcrid%3D2M096C61O4MLT%26keywords%3Dbags%26prefix%3Dba%252Caps%252C283%26qid%3D1679414567%26sr%3D8-66-spons%26sp_csd%3Dd2lkZ2V0TmFtZT1zcF9hdGZfbmV4dA%26psc%3D1,"2,300",4.2
AmazonBasics - Casual Backpack/Office Bag/ for a 15.6-inch Laptop,https://www.amazon.in/AmazonBasics-Casual-Backpack-Office-15-6-inch/dp/B09W4VMZ79/ref=sr_1_67?crid=2M096C61O4MLT&keywords=bags&prefix=ba%2Caps%2C283&qid=1679414567&sr=8-67,709,4.2
Lunar's Bingo - 48 L Laptop Office/School/Travel/Business Backpack Water Resistant - Fits Up to 15.6 Inch Laptop Notebook with 1 Year Warranty,https://www.amazon.in/Lunars-Bingo-Laptop-Resistant-48L/dp/B08YZ5XY31/ref=sr_1_68?crid=2M096C61O4MLT&keywords=bags&prefix=ba%2Caps%2C283&qid=1679414567&sr=8-68,899,3.9
AUXTER Faux Leather 23 Cms Duffle Bag(AUX_GB_LE_Black -SE_0521_Black),https://www.amazon.in/AUXTER-BLACKY-Duffel-Emboss-Black/dp/B07F2H25NP/ref=sr_1_69?crid=2M096C61O4MLT&keywords=bags&prefix=ba%2Caps%2C283&qid=1679414567&sr=8-69,376,4.3
F Gear Colorado Grey Orange 39 Ltrs Laptop Backpack (3814),https://www.amazon.in/Gear-Colorado-Orange-Laptop-Backpack/dp/B097K6KD7W/ref=sr_1_70?crid=2M096C61O4MLT&keywords=bags&prefix=ba%2Caps%2C283&qid=1679414567&sr=8-70,560,4.3
ASTRID Women's Round Sling Bag with Pompoms (Brown),https://www.amazon.in/ASTRID-Womens-Round-Sling-Pompoms/dp/B08VS8JBNK/ref=sr_1_71?crid=2M096C61O4MLT&keywords=bags&prefix=ba%2Caps%2C283&qid=1679414567&sr=8-71,474,4.4
"Safari Spartan 21 Ltrs Water Resistant Backpack - Blue, S (SPARTAN19CBBLU)",https://www.amazon.in/Safari-Spartan-Water-Resistant-Backpack/dp/B09B26MB5M/ref=sr_1_72?crid=2M096C61O4MLT&keywords=bags&prefix=ba%2Caps%2C283&qid=1679414567&sr=8-72,599,3.8
ADISA 15.6 inch Laptop Backpack Office Bag College Travel Back Pack 32 Ltrs (z-Black),https://www.amazon.in/ADISA-Laptop-Backpack-College-z-Black/dp/B09TPY1G1W/ref=sr_1_73?crid=2M096C61O4MLT&keywords=bags&prefix=ba%2Caps%2C283&qid=1679414567&sr=8-73,499,3.8
"Dell Pro Slim Backpack 15 - PO1520PS - Fits Most laptops up to 38.1 cm (15 inches, Black)",https://www.amazon.in/Dell-Pro-Slim-Backpack-15/dp/B07PMQTB6T/ref=sr_1_74?crid=2M096C61O4MLT&keywords=bags&prefix=ba%2Caps%2C283&qid=1679414567&sr=8-74,"1,599",4.3
"EUME Propine Laptop Backpack | Built-in Massager, Water Resistant & Anti-Theft | Fits Up-to 15.6"" MacBook (Melange, 22L)",https://www.amazon.in/sspa/click?ie=UTF8&spc=MTozMDg2NTExMTI2NDY4OTY1OjE2Nzk0MTQ1Njc6c3BfbXRmOjIwMTIxOTcyMjYwNDk4OjowOjo&url=%2FEUME-Propine-Massager-Backpack-Charging%2Fdp%2FB07XG935R9%2Fref%3Dsr_1_75_sspa%3Fcrid%3D2M096C61O4MLT%26keywords%3Dbags%26prefix%3Dba%252Caps%252C283%26qid%3D1679414567%26sr%3D8-75-spons%26sp_csd%3Dd2lkZ2V0TmFtZT1zcF9tdGY%26psc%3D1%26smid%3DAPBFC7AMQ4Q38,"3,499",4.1
"uppercase Apex Professional Laptop Backpack (15.6 Inch) 3x more water resistant sustainable bags with rain proof zippers for Men, Women, Boys and Girls, 750 Days warranty",https://www.amazon.in/sspa/click?ie=UTF8&spc=MTozMDg2NTExMTI2NDY4OTY1OjE2Nzk0MTQ1Njc6c3BfbXRmOjIwMTA1NDUxODUxNTk4OjowOjo&url=%2Fuppercase-Professional-Backpack-resistant-sustainable%2Fdp%2FB0BR1D4SL1%2Fref%3Dsr_1_76_sspa%3Fcrid%3D2M096C61O4MLT%26keywords%3Dbags%26prefix%3Dba%252Caps%252C283%26qid%3D1679414567%26sr%3D8-76-spons%26sp_csd%3Dd2lkZ2V0TmFtZT1zcF9tdGY%26psc%3D1,"1,800",4.9
Bagneeds Men's Black Synthetic Leather Briefcase Best Laptop Messenger Bag Satchel for Men,https://www.amazon.in/Bagneeds-Synthetic-Leather-Briefcase-Messenger/dp/B0855F8174/ref=sr_1_77?crid=2M096C61O4MLT&keywords=bags&prefix=ba%2Caps%2C283&qid=1679414567&sr=8-77,664,4.1
DZert Kids School Bag Soft Plush Backpacks Cartoon Boys Girls Baby (2-5 Years),https://www.amazon.in/DZert-Kids-Grey-School-Years/dp/B07QD1M3R9/ref=sr_1_78?crid=2M096C61O4MLT&keywords=bags&prefix=ba%2Caps%2C283&qid=1679414567&sr=8-78,219,3.7
VIP Polypropylene 48 Cms Travel Bag(DFENDEBRN_Brown),https://www.amazon.in/VIP-Endura-Puller-Brown-Duffle/dp/B0B527KJQZ/ref=sr_1_79?crid=2M096C61O4MLT&keywords=bags&prefix=ba%2Caps%2C283&qid=1679414567&sr=8-79,899,4.3
HEROZ Hacker 50 litres Nylon Travel Laptop Backpack Water Resistant Slim Durable Computer Book Bag Tracking Fits Up to 17.3-inch Laptop (058- All) (Grey & Red),https://www.amazon.in/HEROZ-Backpack-Resistant-Computer-17-3-inch/dp/B083N53TWB/ref=sr_1_80?crid=2M096C61O4MLT&keywords=bags&prefix=ba%2Caps%2C283&qid=1679414567&sr=8-80,"1,439",4.1
Bennett™ Mystic 15.6 inch (39.6cm) Laptop Briefcase Shoulder Sling Office Business Professional Travel Messenger Bag for Men and Women Water Repellent Formal Executive Bags (Grey) 6 Months Warranty,https://www.amazon.in/BennettTM-Mystic-Shoulder-Messenger-Repellent/dp/B09321GJXZ/ref=sr_1_81?crid=2M096C61O4MLT&keywords=bags&prefix=ba%2Caps%2C283&qid=1679414567&sr=8-81,512,4.1
F Gear String 11 Ltrs Nylon Black Gym Bag,https://www.amazon.in/F-Gear-String-Polyester-33-cms-Black-Drawstring-Gym-Bag/dp/B07PC28YQ9/ref=sr_1_82?crid=2M096C61O4MLT&keywords=bags&prefix=ba%2Caps%2C283&qid=1679414567&sr=8-82,189,4.0
"Nivia 5227 Pulse Junior Bag, Others (Orange) (Sky Blue)",https://www.amazon.in/Nivia-5227-Pulse-Junior-Others/dp/B08D7QG33Z/ref=sr_1_83?crid=2M096C61O4MLT&keywords=bags&prefix=ba%2Caps%2C283&qid=1679414567&sr=8-83,294,3.8
"uppercase Medium 23 Ltrs Tall Boy (14.6 inch) Laptop Backpack 2500EBP1 3x more water resistant sustainable bag with rain proof zippers for Men, Women, Boys and Girls, 750 Days warranty",https://www.amazon.in/uppercase-Backpack-2500EBP1-resistant-sustainable/dp/B0BTDB674X/ref=sr_1_84?crid=2M096C61O4MLT&keywords=bags&prefix=ba%2Caps%2C283&qid=1679414567&sr=8-84,"1,700",4.1
HEROZ Hammer Unisex Nylon 45 L Travel Laptop Backpack Water Resistant Slim Durable Fits Up to 17.3 Inch Laptop Notebook (All) (Navy Blue & Sky Blue),https://www.amazon.in/sspa/click?ie=UTF8&spc=MTozMDg2NTExMTI2NDY4OTY1OjE2Nzk0MTQ1Njc6c3BfYnRmOjIwMTEzNzg4MTc1MTk4OjowOjo&url=%2FHEROZ-Backpack-Resistant-Durable-Notebook%2Fdp%2FB08BYQZYYC%2Fref%3Dsr_1_85_sspa%3Fcrid%3D2M096C61O4MLT%26keywords%3Dbags%26prefix%3Dba%252Caps%252C283%26qid%3D1679414567%26sr%3D8-85-spons%26sp_csd%3Dd2lkZ2V0TmFtZT1zcF9idGY%26psc%3D1,"1,349",4.3
HEROZ Hacker 50 litres Nylon Travel Laptop Backpack Water Resistant Slim Durable Computer Book Bag Tracking Fits Up to 17.3-inch Laptop (058- ALL) (Navy Blue),https://www.amazon.in/sspa/click?ie=UTF8&spc=MTozMDg2NTExMTI2NDY4OTY1OjE2Nzk0MTQ1Njc6c3BfYnRmOjIwMDMyNTY1MDQ2ODk4OjowOjo&url=%2FHEROZ-Backpack-Resistant-Computer-17-3-inch%2Fdp%2FB083N3DCTM%2Fref%3Dsr_1_86_sspa%3Fcrid%3D2M096C61O4MLT%26keywords%3Dbags%26prefix%3Dba%252Caps%252C283%26qid%3D1679414567%26sr%3D8-86-spons%26sp_csd%3Dd2lkZ2V0TmFtZT1zcF9idGY%26psc%3D1,"1,439",4.1
"EUME Propine Laptop Backpack | Built-in Massager, Water Resistant & Anti-Theft | Fits Up-to 15.6"" MacBook (Melange, 22L)",https://www.amazon.in/sspa/click?ie=UTF8&spc=MTozNjM4OTE4NTYyNDk5MzU1OjE2Nzk0MTQ1NzA6c3BfYXRmX25leHQ6MjAxMjE5NzIyNjA0OTg6OjA6Og&url=%2FEUME-Propine-Massager-Backpack-Charging%2Fdp%2FB07XG935R9%2Fref%3Dsr_1_81_sspa%3Fcrid%3D2M096C61O4MLT%26keywords%3Dbags%26prefix%3Dba%252Caps%252C283%26qid%3D1679414570%26sr%3D8-81-spons%26sp_csd%3Dd2lkZ2V0TmFtZT1zcF9hdGZfbmV4dA%26psc%3D1%26smid%3DAPBFC7AMQ4Q38,"3,499",4.1
The Clownfish Tramp 33 Litre Water Resistant Polyester Two Wheel Laptop Trolley Backpack (Black- Size 48 Cm),https://www.amazon.in/sspa/click?ie=UTF8&spc=MTozNjM4OTE4NTYyNDk5MzU1OjE2Nzk0MTQ1NzA6c3BfYXRmX25leHQ6MjAwODAyODgyMjU5OTg6OjA6Og&url=%2FClownfish-Resistant-Polyester-Trolley-Backpack%2Fdp%2FB0BFL7SVSM%2Fref%3Dsr_1_82_sspa%3Fcrid%3D2M096C61O4MLT%26keywords%3Dbags%26prefix%3Dba%252Caps%252C283%26qid%3D1679414570%26sr%3D8-82-spons%26sp_csd%3Dd2lkZ2V0TmFtZT1zcF9hdGZfbmV4dA%26psc%3D1,"5,699",5.0
Gear Vintage2 28L Faux Leather Water Resistant Anti Theft Laptop Bag/Backpack for Men/Women-Navy,https://www.amazon.in/Gear-Vintage2-Leather-Backpack-LBPVG2LTH0501/dp/B07G4HH78P/ref=sr_1_83?crid=2M096C61O4MLT&keywords=bags&prefix=ba%2Caps%2C283&qid=1679414570&sr=8-83,"1,030",4.4
Safari Groove 35 Ltrs Water Resistant Backpack,https://www.amazon.in/Safari-Groove-Water-Resistant-Backpack/dp/B09B27WXSF/ref=sr_1_84?crid=2M096C61O4MLT&keywords=bags&prefix=ba%2Caps%2C283&qid=1679414570&sr=8-84,899,3.7
NETTIE Cotton Carry Bag with Strap and Drawstring for Yoga Mat- Big Size,https://www.amazon.in/NETTIE-Cotton-Carry-Strap-Drawstring/dp/B08LBT1R9J/ref=sr_1_85?crid=2M096C61O4MLT&keywords=bags&prefix=ba%2Caps%2C283&qid=1679414570&sr=8-85,198,4.1
"SFANE Polyester 23 cms Navy Blue Gym Bag, Shoulder Bag, Sports Bag for Men & Women with Separate Shoes Compartment (Blue)",https://www.amazon.in/SFANE-Duffel-Shoulder-Women-Compartment/dp/B07ZC77WTW/ref=sr_1_86?crid=2M096C61O4MLT&keywords=bags&prefix=ba%2Caps%2C283&qid=1679414570&sr=8-86,435,4.3
Wesley Milestone 15.6 inch 25 L Casual Waterproof Laptop Backpack/Office Bag/School Bag/College Bag/Business Bag/Unisex Travel Backpack (Black),https://www.amazon.in/Wesley-Milestone-Waterproof-Backpack-Business/dp/B07NJRPJ6Q/ref=sr_1_87?crid=2M096C61O4MLT&keywords=bags&prefix=ba%2Caps%2C283&qid=1679414570&sr=8-87,498,4.3
Li-Ning Raider Max Double Zipper Polyester Badminton Kit Bag (Blue),https://www.amazon.in/Li-Ning-Raider-Double-Polyester-Badminton/dp/B09VDQRFRV/ref=sr_1_88_mod_primary_new?crid=2M096C61O4MLT&keywords=bags&prefix=ba%2Caps%2C283&qid=1679414570&sbo=RZvfv%2F%2FHxDF%2BO5021pAnSA%3D%3D&sr=8-88,"1,499",4.4
Asus BP1504 39.62 cm (15.6-inch) Laptop Backpack (Dark Grey),https://www.amazon.in/Asus-BP1504-15-6-inch-Laptop-Backpack/dp/B0895ZZHKK/ref=sr_1_89?crid=2M096C61O4MLT&keywords=bags&prefix=ba%2Caps%2C283&qid=1679414570&sr=8-89,811,4.2
"Arctic Hunter Laptop Bag Expandable Backpack for 16 inch Lapotp 40L Travel Backpack Water-resistant Business School Backpack with USB Port for Men and Women,Black",https://www.amazon.in/Expandable-Backpack-Water-resistant-Business-Charging/dp/B0B6FNB898/ref=sr_1_90?crid=2M096C61O4MLT&keywords=bags&prefix=ba%2Caps%2C283&qid=1679414570&sr=8-90,"3,324",4.2
"uppercase Apex Professional Laptop Backpack (15.6 Inch) 3x more water resistant sustainable bags with rain proof zippers for Men, Women, Boys and Girls, 750 Days warranty",https://www.amazon.in/sspa/click?ie=UTF8&spc=MTozNjM4OTE4NTYyNDk5MzU1OjE2Nzk0MTQ1NzA6c3BfbXRmOjIwMTA1NDUxODUxNTk4OjowOjo&url=%2Fuppercase-Professional-Backpack-resistant-sustainable%2Fdp%2FB0BR1D4SL1%2Fref%3Dsr_1_91_sspa%3Fcrid%3D2M096C61O4MLT%26keywords%3Dbags%26prefix%3Dba%252Caps%252C283%26qid%3D1679414570%26sr%3D8-91-spons%26sp_csd%3Dd2lkZ2V0TmFtZT1zcF9tdGY%26psc%3D1,"1,800",4.9
"MOKOBARA Backpack 15.5"" Inch Laptop Backpack For Women (16 litres ) Improved (2022 - Model)",https://www.amazon.in/sspa/click?ie=UTF8&spc=MTozNjM4OTE4NTYyNDk5MzU1OjE2Nzk0MTQ1NzA6c3BfbXRmOjIwMTE3Nzk1ODc2OTk4OjowOjo&url=%2FMOKOBARA-TSBPK12CND22001-Backpack-Modern-Love%2Fdp%2FB08T1769X9%2Fref%3Dsr_1_92_sspa%3Fcrid%3D2M096C61O4MLT%26keywords%3Dbags%26prefix%3Dba%252Caps%252C283%26qid%3D1679414570%26sr%3D8-92-spons%26sp_csd%3Dd2lkZ2V0TmFtZT1zcF9tdGY%26psc%3D1%26smid%3DA2ZJIE4OXD710M,"4,499",4.3
"uppercase Medium 17 Ltrs Vegan Leather (upto 14 inch) Laptop Backpack 2300EBP1 3x more water resistant sustainable bags with rain proof zippers for Men, Women, Boys and Girls, 750 Days warranty",https://www.amazon.in/uppercase-Backpack-2300EBP1-resistant-sustainable/dp/B0BWNCV31F/ref=sr_1_93?crid=2M096C61O4MLT&keywords=bags&prefix=ba%2Caps%2C283&qid=1679414570&sr=8-93,"1,600",4.0
Aristrocrat Unisex Laptop Bag Grey,https://www.amazon.in/Aristocrat-Zeal-Unisex-Grey-Laptop/dp/B0B5YHC1W5/ref=sr_1_94?crid=2M096C61O4MLT&keywords=bags&prefix=ba%2Caps%2C283&qid=1679414570&sr=8-94,699,4.4
Red Lemon Polyester Bange Series 15.6inch Laptop Bag for Men 35 LTR Capacity Daily Office Bag for Men and Women Black (1903),https://www.amazon.in/Red-Lemon-Polyester-15-6-inch-Waterproof/dp/B07XYY2FW4/ref=sr_1_95?crid=2M096C61O4MLT&keywords=bags&prefix=ba%2Caps%2C283&qid=1679414570&sr=8-95,"2,849",4.2
"Artistix Alpine Business Class Series | Anti Theft Laptop Backpack (32 Litre, 15.6 inch) (Black)",https://www.amazon.in/Artistix-Alpine-Laptop-Backpack-Business/dp/B08SVV5HZY/ref=sr_1_96?crid=2M096C61O4MLT&keywords=bags&prefix=ba%2Caps%2C283&qid=1679414570&sr=8-96,"1,783",4.5
Trajectory 100% Vegan Leather 16 Inch Laptop Office Messenger bag for all laptop like Apple MacBook with 2 Years Warranty and Spacious Multiple Compartment with Expandable Bottom Used as Shoulder and Handbag for Men and Women,https://www.amazon.in/Trajectory-Elegant-15-6-Laptop-Office/dp/B09RK6NCGC/ref=sr_1_97?crid=2M096C61O4MLT&keywords=bags&prefix=ba%2Caps%2C283&qid=1679414570&sr=8-97,"1,399",4.2
Half Moon 45L Hammer Waterproof Laptop Travelling Rucksack Trekking Backpack for Travel Journey bags for Men Women Boys & Girls with 17.3inch Laptop Compartment & Rain cover,https://www.amazon.in/Half-Moon-Trekking-Bags-Compartment/dp/B08PSX1LN9/ref=sr_1_98?crid=2M096C61O4MLT&keywords=bags&prefix=ba%2Caps%2C283&qid=1679414570&sr=8-98,"1,299",4.1
"Artistix Talon Anti Theft Design Laptop Backpack, With USB Charging Port (46 Cm, 25L,Black)",https://www.amazon.in/Artistix-Backpack-Anti-Theft-Charging-Resistance/dp/B082PKX18C/ref=sr_1_99?crid=2M096C61O4MLT&keywords=bags&prefix=ba%2Caps%2C283&qid=1679414570&sr=8-99,999,4.3
"SACCI MUCCI Women's Rainbow Sling Bag, Handmade Bags for Females - 100% Vegan Leather and Coated Duck canvas Fabric, Lightweight and Durable",https://www.amazon.in/SACCI-MUCCI-Allamanda-Lightweight-SM1-10_magnolia/dp/B09TDNZ88Z/ref=sr_1_100?crid=2M096C61O4MLT&keywords=bags&prefix=ba%2Caps%2C283&qid=1679414570&sr=8-100,449,4.2
"uppercase SealPro Professional Laptop Backpack (15.6 Inch) 3x more water resistant sustainable bags with rain proof zippers & Anti-theft for Men, Women, Boys and Girls, 750 Days warranty",https://www.amazon.in/sspa/click?ie=UTF8&spc=MTozNjM4OTE4NTYyNDk5MzU1OjE2Nzk0MTQ1NzA6c3BfYnRmOjIwMTA1NzE1ODIxNTk4OjowOjo&url=%2Fuppercase-Professional-resistant-sustainable-Anti-theft%2Fdp%2FB0BR1C59R8%2Fref%3Dsr_1_101_sspa%3Fcrid%3D2M096C61O4MLT%26keywords%3Dbags%26prefix%3Dba%252Caps%252C283%26qid%3D1679414570%26sr%3D8-101-spons%26sp_csd%3Dd2lkZ2V0TmFtZT1zcF9idGY%26psc%3D1,"1,900",4.9
HEROZ Hammer Unisex Nylon 45 L Travel Laptop Backpack Water Resistant Slim Durable Fits Up to 17.3 Inch Laptop Notebook (All) (Navy Blue & Sky Blue),https://www.amazon.in/sspa/click?ie=UTF8&spc=MTozNjM4OTE4NTYyNDk5MzU1OjE2Nzk0MTQ1NzA6c3BfYnRmOjIwMTEzNzg4MTc1MTk4OjowOjo&url=%2FHEROZ-Backpack-Resistant-Durable-Notebook%2Fdp%2FB08BYQZYYC%2Fref%3Dsr_1_102_sspa%3Fcrid%3D2M096C61O4MLT%26keywords%3Dbags%26prefix%3Dba%252Caps%252C283%26qid%3D1679414570%26sr%3D8-102-spons%26sp_csd%3Dd2lkZ2V0TmFtZT1zcF9idGY%26psc%3D1,"1,349",4.3
"EUME Propine Laptop Backpack | Built-in Massager, Water Resistant & Anti-Theft | Fits Up-to 15.6"" MacBook (Melange, 22L)",https://www.amazon.in/sspa/click?ie=UTF8&spc=MTo4Mzg2OTQ2MjMzMDM4MTE5OjE2Nzk0MTQ1NzI6c3BfYXRmX25leHQ6MjAxMjE5NzIyNjA0OTg6OjA6Og&url=%2FEUME-Propine-Massager-Backpack-Charging%2Fdp%2FB07XG935R9%2Fref%3Dsr_1_97_sspa%3Fcrid%3D2M096C61O4MLT%26keywords%3Dbags%26prefix%3Dba%252Caps%252C283%26qid%3D1679414572%26sr%3D8-97-spons%26sp_csd%3Dd2lkZ2V0TmFtZT1zcF9hdGZfbmV4dA%26psc%3D1%26smid%3DAPBFC7AMQ4Q38,"3,499",4.1
The Clownfish Tramp 33 Litre Water Resistant Polyester Two Wheel Laptop Trolley Backpack (Black- Size 48 Cm),https://www.amazon.in/sspa/click?ie=UTF8&spc=MTo4Mzg2OTQ2MjMzMDM4MTE5OjE2Nzk0MTQ1NzI6c3BfYXRmX25leHQ6MjAwODAyODgyMjU5OTg6OjA6Og&url=%2FClownfish-Resistant-Polyester-Trolley-Backpack%2Fdp%2FB0BFL7SVSM%2Fref%3Dsr_1_98_sspa%3Fcrid%3D2M096C61O4MLT%26keywords%3Dbags%26prefix%3Dba%252Caps%252C283%26qid%3D1679414572%26sr%3D8-98-spons%26sp_csd%3Dd2lkZ2V0TmFtZT1zcF9hdGZfbmV4dA%26psc%3D1,"5,699",5.0
"POLESTAR Enzo 15.6 inch 35 LTR Casual Laptop Backpack/Office Bag/School Bag/College Bag/Business Bag/Unisex Backpack , Water Resistant and Light Weight, 1 year Warranty",https://www.amazon.in/POLESTAR-backpack-Backpack-College-Students/dp/B08X2KR6T9/ref=sr_1_99?crid=2M096C61O4MLT&keywords=bags&prefix=ba%2Caps%2C283&qid=1679414572&sr=8-99,619,4.2
"Tabelito® Casual 15.6 Inch Laptop Bag (39.6cm), 25 LTR Water Repellent Backpack Laptop Apple/ Dell/ Lenovo/ Asus/ Hp/ Samsung/ Mi/ MacBook/ Ultrabook/ Thinkpad/ Ideapad/ Surfacepro Men Women (Blue)",https://www.amazon.in/Tabelito-Laptop-Backpack-15-6-inch-Repellent/dp/B08Y3KCN32/ref=sr_1_100?crid=2M096C61O4MLT&keywords=bags&prefix=ba%2Caps%2C283&qid=1679414572&sr=8-100,549,4.2
DZert Clasy Laptop Bag College Bag for Boys Girls 21 L Blue White,https://www.amazon.in/DZert-School-Polyester-Backpack-White/dp/B07GXYHFCY/ref=sr_1_101?crid=2M096C61O4MLT&keywords=bags&prefix=ba%2Caps%2C283&qid=1679414572&sr=8-101,296,3.8
TSPARK Red Lemon bg1905 15.6 inch 35 LTR Capacity Laptop Bag for Men Travelling Hiking Backpack for Men and Women,https://www.amazon.in/bg1905-Capacity-Laptop-Travelling-Backpack/dp/B082MKHDJ1/ref=sr_1_102?crid=2M096C61O4MLT&keywords=bags&prefix=ba%2Caps%2C283&qid=1679414572&sr=8-102,"2,849",4.3
Wildcraft Turnaround Polyester 14 inch 27 Ltrs Blue Laptop Bag (8903340000000),https://www.amazon.in/Wildcraft-Turnaround-Polyester-Laptop-8903340000000/dp/B012D4QWES/ref=sr_1_103?crid=2M096C61O4MLT&keywords=bags&prefix=ba%2Caps%2C283&qid=1679414572&sr=8-103,"1,895",4.3
House of Quirk Baby Diaper Bag Maternity Backpack,https://www.amazon.in/House-Quirk-Maternity-Backpack-Elephant/dp/B07QV7SH4S/ref=sr_1_104?crid=2M096C61O4MLT&keywords=bags&prefix=ba%2Caps%2C283&qid=1679414572&sr=8-104,"1,199",4.4
Safari Prisma 32 Ltrs Black Casual Backpack (PRISMA19CBBLK),https://www.amazon.in/Safari-Black-Casual-Backpack-PRISMA19CBBLK/dp/B07HN5TMQL/ref=sr_1_105?crid=2M096C61O4MLT&keywords=bags&prefix=ba%2Caps%2C283&qid=1679414572&sr=8-105,899,3.9
Li-Ning Panther Double Zipper Polyester Badminton Kit Bag,https://www.amazon.in/Li-Ning-Panther-Double-Polyester-Badminton/dp/B09VDQDXWN/ref=sr_1_106?crid=2M096C61O4MLT&keywords=bags&prefix=ba%2Caps%2C283&qid=1679414572&sr=8-106,999,4.3
"uppercase Apex Professional Laptop Backpack (15.6 Inch) 3x more water resistant sustainable bags with rain proof zippers for Men, Women, Boys and Girls, 750 Days warranty",https://www.amazon.in/sspa/click?ie=UTF8&spc=MTo4Mzg2OTQ2MjMzMDM4MTE5OjE2Nzk0MTQ1NzI6c3BfbXRmOjIwMTA1NDUxODUxNTk4OjowOjo&url=%2Fuppercase-Professional-Backpack-resistant-sustainable%2Fdp%2FB0BR1D4SL1%2Fref%3Dsr_1_107_sspa%3Fcrid%3D2M096C61O4MLT%26keywords%3Dbags%26prefix%3Dba%252Caps%252C283%26qid%3D1679414572%26sr%3D8-107-spons%26sp_csd%3Dd2lkZ2V0TmFtZT1zcF9tdGY%26psc%3D1,"1,800",4.9
"MOKOBARA Backpack 15.5"" Inch Laptop Backpack For Women (16 litres ) Improved (2022 - Model)",https://www.amazon.in/sspa/click?ie=UTF8&spc=MTo4Mzg2OTQ2MjMzMDM4MTE5OjE2Nzk0MTQ1NzI6c3BfbXRmOjIwMTE3Nzk1ODc2OTk4OjowOjo&url=%2FMOKOBARA-TSBPK12CND22001-Backpack-Modern-Love%2Fdp%2FB08T1769X9%2Fref%3Dsr_1_108_sspa%3Fcrid%3D2M096C61O4MLT%26keywords%3Dbags%26prefix%3Dba%252Caps%252C283%26qid%3D1679414572%26sr%3D8-108-spons%26sp_csd%3Dd2lkZ2V0TmFtZT1zcF9tdGY%26psc%3D1%26smid%3DA2ZJIE4OXD710M,"4,499",4.3
"Golden Wolf Backpack 35L Expandable Travel Backpack for Men and Women Anti-theft Laptop Bag with Lock Water-resistant Convertible Backpack with USB Port Travel Business College Bag for Men,Black",https://www.amazon.in/Anti-Theft-Backpack-Expandable-Water-resistant-Convertible/dp/B0B6FZ3YNV/ref=sr_1_109?crid=2M096C61O4MLT&keywords=bags&prefix=ba%2Caps%2C283&qid=1679414572&sr=8-109,"2,564",4.4
Lenovo Casual Laptop Briefcase T210 (Toploader) 39.62 cm (15.6-inch) Water Repellent Black,https://www.amazon.in/Lenovo-Carrying-15-6-Inch-Toploader-GX40Q17229/dp/B075Y6Y9H5/ref=sr_1_110?crid=2M096C61O4MLT&keywords=bags&prefix=ba%2Caps%2C283&qid=1679414572&sr=8-110,799,4.2
Wesley office Laptop Bag briefcase notebook professional business 15.6 Inch Briefcase messenger sling Water resistant Laptop Bag Tablet Business Carrying Handbag for Women and Men (Charcoal Black),https://www.amazon.in/Wesley-briefcase-professional-Briefcase-messenger/dp/B0BJVDN7VT/ref=sr_1_111?crid=2M096C61O4MLT&keywords=bags&prefix=ba%2Caps%2C283&qid=1679414572&sr=8-111,498,4.0
"FUR JADEN Travel Laptop Backpack, Business Backpacks with USB Charging Port, Water Resistant College School Computer Bag for Men & Women Fits Under 15.6 inch Laptop and Notebook",https://www.amazon.in/Backpack-Business-Backpacks-Charging-Resistant/dp/B094DGXXR5/ref=sr_1_112?crid=2M096C61O4MLT&keywords=bags&prefix=ba%2Caps%2C283&qid=1679414572&sr=8-112,989,4.1
NIVIA String Bag/Drawstring Bag/Sports Bag Boys/Polyester String Bag/Kit Bags/Drawstring Sports Bag/Dori Backpack/Gym Bag/String Bag Men Waterproof/Drawstring Backpack (Sky Blue),https://www.amazon.in/Nivia-5177SB-Polyester-String-Blue/dp/B071XMLFTL/ref=sr_1_113?crid=2M096C61O4MLT&keywords=bags&prefix=ba%2Caps%2C283&qid=1679414572&sr=8-113,193,4.1
"Hammonds Flycatcher Genuine Leather Laptop Bag for Men/Office Bag for Men, Brown | Fits Upto 16 Inch Laptop/MacBook| Leather Bag with Shoulder Straps | Laptop Messenger Bag/Leather Bag for Men |",https://www.amazon.in/HAMMONDS-FLYCATCHER-Genuine-Shoulder-Messenger/dp/B07P2TQH78/ref=sr_1_114?crid=2M096C61O4MLT&keywords=bags&prefix=ba%2Caps%2C283&qid=1679414572&sr=8-114,"2,599",4.3
Farraige® Cartoon Soft Silicone Bag Crossbody Shoulder Bag Purse Waterproof Anti Fall Stationery Storage Bag Handbag Sweet Birthday Gift for Children Students Girls,https://www.amazon.in/Farraige%C2%AE-Silicone-Crossbody-Waterproof-Stationery/dp/B0B4G8W6MQ/ref=sr_1_115?crid=2M096C61O4MLT&keywords=bags&prefix=ba%2Caps%2C283&qid=1679414572&sr=8-115,684,4.4
"WILDHORN 31L Laptop Backpack for Men / Women I Fits upto 15.6"" Laptop I Waterproof I Travel / Business / College Bookbags",https://www.amazon.in/WILDHORN-Backpack-Compartment-Business-Stitching/dp/B09QL66G55/ref=sr_1_116?crid=2M096C61O4MLT&keywords=bags&prefix=ba%2Caps%2C283&qid=1679414572&sr=8-116,599,4.1
"uppercase SealPro Professional Laptop Backpack (15.6 Inch) 3x more water resistant sustainable bags with rain proof zippers & Anti-theft for Men, Women, Boys and Girls, 750 Days warranty",https://www.amazon.in/sspa/click?ie=UTF8&spc=MTo4Mzg2OTQ2MjMzMDM4MTE5OjE2Nzk0MTQ1NzI6c3BfYnRmOjIwMTA1NzE1ODIxNTk4OjowOjo&url=%2Fuppercase-Professional-resistant-sustainable-Anti-theft%2Fdp%2FB0BR1C59R8%2Fref%3Dsr_1_117_sspa%3Fcrid%3D2M096C61O4MLT%26keywords%3Dbags%26prefix%3Dba%252Caps%252C283%26qid%3D1679414572%26sr%3D8-117-spons%26sp_csd%3Dd2lkZ2V0TmFtZT1zcF9idGY%26psc%3D1,"1,900",4.9
"Artistix Avian Unisex Water Repellent Anti Theft Travel Backpack with USB Port (Black, 32 L)",https://www.amazon.in/sspa/click?ie=UTF8&spc=MTo4Mzg2OTQ2MjMzMDM4MTE5OjE2Nzk0MTQ1NzI6c3BfYnRmOjIwMDcyMzk1NTEyNzAyOjowOjo&url=%2FArtistix-Unisex-Travel-Backpack-Repellent%2Fdp%2FB09B5DMGM1%2Fref%3Dsr_1_118_sspa%3Fcrid%3D2M096C61O4MLT%26keywords%3Dbags%26prefix%3Dba%252Caps%252C283%26qid%3D1679414572%26sr%3D8-118-spons%26sp_csd%3Dd2lkZ2V0TmFtZT1zcF9idGY%26psc%3D1,"1,989",4.5
"MOKOBARA Backpack 15.5"" Inch Laptop Backpack For Women (16 litres ) Improved (2022 - Model)",https://www.amazon.in/sspa/click?ie=UTF8&spc=MToxNzMzMzg4MTY1MDYzOTI5OjE2Nzk0MTQ1NzM6c3BfYXRmX25leHQ6MjAxMTc3OTU4NzY5OTg6OjA6Og&url=%2FMOKOBARA-TSBPK12CND22001-Backpack-Modern-Love%2Fdp%2FB08T1769X9%2Fref%3Dsr_1_113_sspa%3Fcrid%3D2M096C61O4MLT%26keywords%3Dbags%26prefix%3Dba%252Caps%252C283%26qid%3D1679414573%26sr%3D8-113-spons%26sp_csd%3Dd2lkZ2V0TmFtZT1zcF9hdGZfbmV4dA%26psc%3D1%26smid%3DA2ZJIE4OXD710M,"4,499",4.3
"uppercase Matrix Professional Anti-theft Laptop Backpack (15.6 Inch) 3x more water resistant sustainable bags with rain proof zippers for Men, Women, Boys and Girls, 750 Days warranty",https://www.amazon.in/sspa/click?ie=UTF8&spc=MToxNzMzMzg4MTY1MDYzOTI5OjE2Nzk0MTQ1NzM6c3BfYXRmX25leHQ6MjAxMTIwOTYzMTc1OTg6OjA6Og&url=%2Fuppercase-Professional-Anti-theft-resistant-sustainable%2Fdp%2FB0BSH4H4DB%2Fref%3Dsr_1_114_sspa%3Fcrid%3D2M096C61O4MLT%26keywords%3Dbags%26prefix%3Dba%252Caps%252C283%26qid%3D1679414573%26sr%3D8-114-spons%26sp_csd%3Dd2lkZ2V0TmFtZT1zcF9hdGZfbmV4dA%26psc%3D1,"2,300",4.2
"American Tourister VALEX BLACK LAPTOP BACKPACK 28 Ltrs,Volume, LAPTOP COMPARTMENT, BOTTLE POCKET, FRONT ORGANIZER",https://www.amazon.in/American-Tourister-BACKPACK-COMPARTMENT-ORGANIZER/dp/B0BTD4S4XF/ref=sr_1_115?crid=2M096C61O4MLT&keywords=bags&prefix=ba%2Caps%2C283&qid=1679414573&sr=8-115,"1,299",4.1
"FUR JADEN Travel Laptop Backpack, Business Backpacks with USB Charging Port, Water Resistant College School Computer Bag for Men & Women Fits Under 15.6 inch Laptop and Notebook",https://www.amazon.in/Backpack-Business-Backpacks-Charging-Resistant/dp/B094DGXXR5/ref=sr_1_116?crid=2M096C61O4MLT&keywords=bags&prefix=ba%2Caps%2C283&qid=1679414573&sr=8-116,989,4.1
"Genie Flamenco Laptop Backpack for Women, 16 inches Office Bag, Sky Blue Stylish and Trendy Bag for Office and College",https://www.amazon.in/Genie-Flamenco2-Backpack-Compatible-Resistant/dp/B08YF1XJXY/ref=sr_1_117?crid=2M096C61O4MLT&keywords=bags&prefix=ba%2Caps%2C283&qid=1679414573&sr=8-117,640,4.4
motherly Diaper Bags for Mom Travel Basic Edition (Navy Blue),https://www.amazon.in/Motherly-Diaper-Bags-Travel-Basic/dp/B07PKQ3WJZ/ref=sr_1_118?crid=2M096C61O4MLT&keywords=bags&prefix=ba%2Caps%2C283&qid=1679414573&sr=8-118,"1,536",4.5
"WILDHORN 31L Laptop Backpack for Men / Women I Fits upto 15.6"" Laptop I Waterproof I Travel / Business / College Bookbags",https://www.amazon.in/WILDHORN-Backpack-Compartment-Business-Stitching/dp/B09QL66G55/ref=sr_1_119?crid=2M096C61O4MLT&keywords=bags&prefix=ba%2Caps%2C283&qid=1679414573&sr=8-119,599,4.1
SBCOLLECTION Premium School College Office Laptop Daily Use Backpack for All Day Traveler,https://www.amazon.in/SBCOLLECTION-Premium-Backpack-Water-Resistance-Business/dp/B0BXL5B1J4/ref=sr_1_120?crid=2M096C61O4MLT&keywords=bags&prefix=ba%2Caps%2C283&qid=1679414573&sr=8-120,229,4.5
Lify Women's Retro Large Size Canvas Shoulder Bag Hobo Crossbody Handbag Casual Tote - 1 Piece,https://www.amazon.in/Lify-Womens-Shoulder-Crossbody-Handbag/dp/B09JWMW646/ref=sr_1_121?crid=2M096C61O4MLT&keywords=bags&prefix=ba%2Caps%2C283&qid=1679414573&sr=8-121,320,3.8
"URBAN TRIBE Havana 15.6"" inch Laptop Backpack for Men and Women | 27L Office/Work/Casual Bag | Water Repellent | Black",https://www.amazon.in/Urban-Tribe-Laptop-Backpack-Havana/dp/B01LXNNFDF/ref=sr_1_122?crid=2M096C61O4MLT&keywords=bags&prefix=ba%2Caps%2C283&qid=1679414573&sr=8-122,900,3.9
"uppercase Apex Professional Laptop Backpack (15.6 Inch) 3x more water resistant sustainable bags with rain proof zippers for Men, Women, Boys and Girls, 750 Days warranty",https://www.amazon.in/sspa/click?ie=UTF8&spc=MToxNzMzMzg4MTY1MDYzOTI5OjE2Nzk0MTQ1NzM6c3BfbXRmOjIwMTA1NDUxODUxNTk4OjowOjo&url=%2Fuppercase-Professional-Backpack-resistant-sustainable%2Fdp%2FB0BR1D4SL1%2Fref%3Dsr_1_123_sspa%3Fcrid%3D2M096C61O4MLT%26keywords%3Dbags%26prefix%3Dba%252Caps%252C283%26qid%3D1679414573%26sr%3D8-123-spons%26sp_csd%3Dd2lkZ2V0TmFtZT1zcF9tdGY%26psc%3D1,"1,800",4.9
EUME Virgo 29L Laptop Backpack for Office & Travel | Water Resistance | Fit Up to 15.6-inch Laptop,https://www.amazon.in/sspa/click?ie=UTF8&spc=MToxNzMzMzg4MTY1MDYzOTI5OjE2Nzk0MTQ1NzM6c3BfbXRmOjIwMTE0NDE0MjI5Njk4OjowOjo&url=%2FEUME-Virgo-29Ltr-Laptop-Backpack%2Fdp%2FB08R563J3T%2Fref%3Dsr_1_124_sspa%3Fcrid%3D2M096C61O4MLT%26keywords%3Dbags%26prefix%3Dba%252Caps%252C283%26qid%3D1679414573%26sr%3D8-124-spons%26sp_csd%3Dd2lkZ2V0TmFtZT1zcF9tdGY%26psc%3D1,"1,549",4.1
"Arctic Hunter Mens Sling Bag Small Chest Bag Shoulder Bag Mobile Bag Side Bag for Men with Earphone Port Water Resistant for Everyday Use Small Items and Small Electronic Product,Black",https://www.amazon.in/Resistant-Outdoor-Shoulder-Unbalance-Earphone/dp/B07TT785P7/ref=sr_1_125?crid=2M096C61O4MLT&keywords=bags&prefix=ba%2Caps%2C283&qid=1679414573&sr=8-125,"1,139",4.2
"SIDRUM WF-18 DSLR/SLR Camera Shoulder Bag Case with Adjustable Shoulder Strap & Rain Cover, Compatible for Nikon, Canon, Sony Mirrorless Cameras - Waterproof - Breathable - Anti Shock (Orange-Black)",https://www.amazon.in/SIDRUM-Shoulder-Adjustable-Compatible-Mirrorless/dp/B09P74TZY8/ref=sr_1_126?crid=2M096C61O4MLT&keywords=bags&prefix=ba%2Caps%2C283&qid=1679414573&sr=8-126,664,4.4
"Wooum Gym Bag Sport Outdoor Bag, Shoulder Bag Side Bag with Separate Shoes Compartment Water Resistance - Dark Grey",https://www.amazon.in/Resistant-Duffle-Shoulder-Separate-Compartment/dp/B09KVBSG61/ref=sr_1_127?crid=2M096C61O4MLT&keywords=bags&prefix=ba%2Caps%2C283&qid=1679414573&sr=8-127,397.,4.2
ADISA 35L Large Laptop Backpack Office Bag College Travel Back Pack with rain Cover (Navy),https://www.amazon.in/ADISA-Laptop-Backpack-Office-College/dp/B0BPTT2HZY/ref=sr_1_128?crid=2M096C61O4MLT&keywords=bags&prefix=ba%2Caps%2C283&qid=1679414573&sr=8-128,599,4.0
Mi Business Casual 21L Water Resistant Laptop Backpack (Blue),https://www.amazon.in/Business-Casual-Resistant-Laptop-Backpack/dp/B0862V2GKH/ref=sr_1_129?crid=2M096C61O4MLT&keywords=bags&prefix=ba%2Caps%2C283&qid=1679414573&sr=8-129,999,4.4
"Medela Breastmilk Storage Bags,White, 25 Pieces",https://www.amazon.in/Medela-Breastmilk-Storage-Bags-Pieces/dp/B075R5R1LR/ref=sr_1_130?crid=2M096C61O4MLT&keywords=bags&prefix=ba%2Caps%2C283&qid=1679414573&sr=8-130,840,4.7
LL LEATHER LAND DESIGNER BAGS Women Sling Bag,https://www.amazon.in/LL-LEATHER-LAND-DESIGNER-BAGS/dp/B0BD4TTDHD/ref=sr_1_131?crid=2M096C61O4MLT&keywords=bags&prefix=ba%2Caps%2C283&qid=1679414573&sr=8-131,299,4.0
"Mi Step Out 12 L Mini Backpack (Small Size, Red, Water Repellant)",https://www.amazon.in/Step-Backpack-Small-Water-Repellant/dp/B088XG77KN/ref=sr_1_132?crid=2M096C61O4MLT&keywords=bags&prefix=ba%2Caps%2C283&qid=1679414573&sr=8-132,249,4.1
"uppercase SealPro Professional Laptop Backpack (15.6 Inch) 3x more water resistant sustainable bags with rain proof zippers & Anti-theft for Men, Women, Boys and Girls, 750 Days warranty",https://www.amazon.in/sspa/click?ie=UTF8&spc=MToxNzMzMzg4MTY1MDYzOTI5OjE2Nzk0MTQ1NzM6c3BfYnRmOjIwMTA1NzE1ODIxNTk4OjowOjo&url=%2Fuppercase-Professional-resistant-sustainable-Anti-theft%2Fdp%2FB0BR1C59R8%2Fref%3Dsr_1_133_sspa%3Fcrid%3D2M096C61O4MLT%26keywords%3Dbags%26prefix%3Dba%252Caps%252C283%26qid%3D1679414573%26sr%3D8-133-spons%26sp_csd%3Dd2lkZ2V0TmFtZT1zcF9idGY%26psc%3D1,"1,900",4.9
HEROZ Hacker 50 litres Nylon Travel Laptop Backpack Water Resistant Slim Durable Computer Book Bag Tracking Fits Up to 17.3-inch Laptop (058- ALL) (Navy Blue),https://www.amazon.in/sspa/click?ie=UTF8&spc=MToxNzMzMzg4MTY1MDYzOTI5OjE2Nzk0MTQ1NzM6c3BfYnRmOjIwMDMyNTY1MDQ2ODk4OjowOjo&url=%2FHEROZ-Backpack-Resistant-Computer-17-3-inch%2Fdp%2FB083N3DCTM%2Fref%3Dsr_1_134_sspa%3Fcrid%3D2M096C61O4MLT%26keywords%3Dbags%26prefix%3Dba%252Caps%252C283%26qid%3D1679414573%26sr%3D8-134-spons%26sp_csd%3Dd2lkZ2V0TmFtZT1zcF9idGY%26psc%3D1,"1,439",4.1
"MOKOBARA Backpack 15.5"" Inch Laptop Backpack For Women (16 litres ) Improved (2022 - Model)",https://www.amazon.in/sspa/click?ie=UTF8&spc=MTo4MTM5NTE3MzIxMzI2NDM5OjE2Nzk0MTQ1NzU6c3BfYXRmX25leHQ6MjAxMTc3OTU4NzY5OTg6OjA6Og&url=%2FMOKOBARA-TSBPK12CND22001-Backpack-Modern-Love%2Fdp%2FB08T1769X9%2Fref%3Dsr_1_129_sspa%3Fcrid%3D2M096C61O4MLT%26keywords%3Dbags%26prefix%3Dba%252Caps%252C283%26qid%3D1679414575%26sr%3D8-129-spons%26sp_csd%3Dd2lkZ2V0TmFtZT1zcF9hdGZfbmV4dA%26psc%3D1%26smid%3DA2ZJIE4OXD710M,"4,499",4.3
"uppercase Matrix Professional Anti-theft Laptop Backpack (15.6 Inch) 3x more water resistant sustainable bags with rain proof zippers for Men, Women, Boys and Girls, 750 Days warranty",https://www.amazon.in/sspa/click?ie=UTF8&spc=MTo4MTM5NTE3MzIxMzI2NDM5OjE2Nzk0MTQ1NzU6c3BfYXRmX25leHQ6MjAxMTIwOTYzMTc1OTg6OjA6Og&url=%2Fuppercase-Professional-Anti-theft-resistant-sustainable%2Fdp%2FB0BSH4H4DB%2Fref%3Dsr_1_130_sspa%3Fcrid%3D2M096C61O4MLT%26keywords%3Dbags%26prefix%3Dba%252Caps%252C283%26qid%3D1679414575%26sr%3D8-130-spons%26sp_csd%3Dd2lkZ2V0TmFtZT1zcF9hdGZfbmV4dA%26psc%3D1,"2,300",4.2
"Golden Wolf Backpack 35L Expandable Travel Backpack for Men and Women Anti-theft Laptop Bag with Lock Water-resistant Convertible Backpack with USB Port Travel Business College Bag for Men,Black",https://www.amazon.in/Anti-Theft-Backpack-Expandable-Water-resistant-Convertible/dp/B0B6FZ3YNV/ref=sr_1_131?crid=2M096C61O4MLT&keywords=bags&prefix=ba%2Caps%2C283&qid=1679414575&sr=8-131,"2,564",4.4
"FunBlast Bunny Sling Bag with Key Ring, Comb and Mirror – silicone Mini Bag for Girls, Fancy Bag for Girls, Purse, Stylish Cross Body Bag with Adjustable Strap, Korean Bag for Girls",https://www.amazon.in/FunBlast-Bunny-Sling-Bag-Mirror/dp/B0BQWCP97K/ref=sr_1_132?crid=2M096C61O4MLT&keywords=bags&prefix=ba%2Caps%2C283&qid=1679414575&sr=8-132,838.,3.0
"FUR JADEN Travel Laptop Backpack, Business Backpacks with USB Charging Port, Water Resistant College School Computer Bag for Men & Women Fits Under 15.6 inch Laptop and Notebook",https://www.amazon.in/Backpack-Business-Backpacks-Charging-Resistant/dp/B094DGXXR5/ref=sr_1_133?crid=2M096C61O4MLT&keywords=bags&prefix=ba%2Caps%2C283&qid=1679414575&sr=8-133,989,4.1
Wooum Water Resistance Side Bag/Travel Bag/Office Business Bag/Cross Body Bag/Messenger Bag/Sling Bag for Men and Women,https://www.amazon.in/Wooum-travel-office-business-Messenger/dp/B08RWR63JD/ref=sr_1_135?crid=2M096C61O4MLT&keywords=bags&prefix=ba%2Caps%2C283&qid=1679414575&sr=8-135,298.,4.1
"Tabelito® Casual 15.6 Inch Laptop Bag (39.6cm), 25 LTR Water Repellent Backpack Laptop Apple/ Dell/ Lenovo/ Asus/ Hp/ Samsung/ Mi/ MacBook/ Ultrabook/ Thinkpad/ Ideapad/ Surfacepro Men Women (Blue)",https://www.amazon.in/Tabelito-Laptop-Backpack-15-6-inch-Repellent/dp/B08Y3KCN32/ref=sr_1_136?crid=2M096C61O4MLT&keywords=bags&prefix=ba%2Caps%2C283&qid=1679414575&sr=8-136,549,4.2
"WILDHORN 31L Laptop Backpack for Men / Women I Fits upto 15.6"" Laptop I Waterproof I Travel / Business / College Bookbags",https://www.amazon.in/WILDHORN-Backpack-Compartment-Business-Stitching/dp/B09QL66G55/ref=sr_1_137?crid=2M096C61O4MLT&keywords=bags&prefix=ba%2Caps%2C283&qid=1679414575&sr=8-137,599,4.1
Handbag For Women | Ladies Purse Handbag | Woman Gifts | Women Shoulder Bags | Side Handbags | Wedding Gifts For Woman | Women Designer Bags | Travel Purse Handbag |M_D4,https://www.amazon.in/Handbag-Shoulder-Handbags-Designer-M_D4_Beige/dp/B0BRR9ZP5H/ref=sr_1_138?crid=2M096C61O4MLT&keywords=bags&prefix=ba%2Caps%2C283&qid=1679414575&sr=8-138,399,New to Amazon
"uppercase Apex Professional Laptop Backpack (15.6 Inch) 3x more water resistant sustainable bags with rain proof zippers for Men, Women, Boys and Girls, 750 Days warranty",https://www.amazon.in/sspa/click?ie=UTF8&spc=MTo4MTM5NTE3MzIxMzI2NDM5OjE2Nzk0MTQ1NzU6c3BfbXRmOjIwMTA1NDUxODUxNTk4OjowOjo&url=%2Fuppercase-Professional-Backpack-resistant-sustainable%2Fdp%2FB0BR1D4SL1%2Fref%3Dsr_1_139_sspa%3Fcrid%3D2M096C61O4MLT%26keywords%3Dbags%26prefix%3Dba%252Caps%252C283%26qid%3D1679414575%26sr%3D8-139-spons%26sp_csd%3Dd2lkZ2V0TmFtZT1zcF9tdGY%26psc%3D1,"1,800",4.9
EUME Virgo 29L Laptop Backpack for Office & Travel | Water Resistance | Fit Up to 15.6-inch Laptop,https://www.amazon.in/sspa/click?ie=UTF8&spc=MTo4MTM5NTE3MzIxMzI2NDM5OjE2Nzk0MTQ1NzU6c3BfbXRmOjIwMTE0NDE0MjI5Njk4OjowOjo&url=%2FEUME-Virgo-29Ltr-Laptop-Backpack%2Fdp%2FB08R563J3T%2Fref%3Dsr_1_140_sspa%3Fcrid%3D2M096C61O4MLT%26keywords%3Dbags%26prefix%3Dba%252Caps%252C283%26qid%3D1679414575%26sr%3D8-140-spons%26sp_csd%3Dd2lkZ2V0TmFtZT1zcF9tdGY%26psc%3D1,"1,549",4.1
"URBAN TRIBE Havana 15.6"" inch Laptop Backpack for Men and Women | 27L Office/Work/Casual Bag | Water Repellent | Black",https://www.amazon.in/Urban-Tribe-Laptop-Backpack-Havana/dp/B01LXNNFDF/ref=sr_1_141?crid=2M096C61O4MLT&keywords=bags&prefix=ba%2Caps%2C283&qid=1679414575&sr=8-141,900,3.9
"Aepigo Men's and Women's Sling Messenger Bag Leather Men Bag Casual Business Messenger Bag for Cross body Bag Male Shoulder Bags Leather Sling Messenger Bag (Brown, L- 10.05inch H- 11.5inch W- 3inch)",https://www.amazon.in/Aepigo-Genuine-Leather-Messenger-10-5inch/dp/B0953Q6QVN/ref=sr_1_142?crid=2M096C61O4MLT&keywords=bags&prefix=ba%2Caps%2C283&qid=1679414575&sr=8-142,917,3.9
"Arctic Hunter Mens Sling Bag Small Chest Bag Shoulder Bag Mobile Bag Side Bag for Men with Earphone Port Water Resistant for Everyday Use Small Items and Small Electronic Product,Black",https://www.amazon.in/Resistant-Outdoor-Shoulder-Unbalance-Earphone/dp/B07TT785P7/ref=sr_1_143?crid=2M096C61O4MLT&keywords=bags&prefix=ba%2Caps%2C283&qid=1679414575&sr=8-143,"1,139",4.2
TSPARK Red Lemon bg1905 15.6 inch 35 LTR Capacity Laptop Bag for Men Travelling Hiking Backpack for Men and Women,https://www.amazon.in/bg1905-Capacity-Laptop-Travelling-Backpack/dp/B082MKHDJ1/ref=sr_1_144?crid=2M096C61O4MLT&keywords=bags&prefix=ba%2Caps%2C283&qid=1679414575&sr=8-144,"2,849",4.3
Wildcraft Turnaround Polyester 14 inch 27 Ltrs Blue Laptop Bag (8903340000000),https://www.amazon.in/Wildcraft-Turnaround-Polyester-Laptop-8903340000000/dp/B012D4QWES/ref=sr_1_145?crid=2M096C61O4MLT&keywords=bags&prefix=ba%2Caps%2C283&qid=1679414575&sr=8-145,"1,895",4.3
Wooum Dark Grey Stylish Sling Cross Body Bag/Messenger Bag/Shoulder Bag/One Side Bag/Office Bag For Men and Women,https://www.amazon.in/Wooum-Stylish-Messenger-Shoulder-Office/dp/B09KKGRP7C/ref=sr_1_146?crid=2M096C61O4MLT&keywords=bags&prefix=ba%2Caps%2C283&qid=1679414575&sr=8-146,349.,4.1
Mi Business Casual 21L Water Resistant Laptop Backpack (Blue),https://www.amazon.in/Business-Casual-Resistant-Laptop-Backpack/dp/B0862V2GKH/ref=sr_1_147?crid=2M096C61O4MLT&keywords=bags&prefix=ba%2Caps%2C283&qid=1679414575&sr=8-147,999,4.4
House of Quirk Baby Diaper Bag Maternity Backpack,https://www.amazon.in/House-Quirk-Maternity-Backpack-Elephant/dp/B07QV7SH4S/ref=sr_1_148?crid=2M096C61O4MLT&keywords=bags&prefix=ba%2Caps%2C283&qid=1679414575&sr=8-148,"1,199",4.4
"uppercase SealPro Professional Laptop Backpack (15.6 Inch) 3x more water resistant sustainable bags with rain proof zippers & Anti-theft for Men, Women, Boys and Girls, 750 Days warranty",https://www.amazon.in/sspa/click?ie=UTF8&spc=MTo4MTM5NTE3MzIxMzI2NDM5OjE2Nzk0MTQ1NzU6c3BfYnRmOjIwMTA1NzE1ODIxNTk4OjowOjo&url=%2Fuppercase-Professional-resistant-sustainable-Anti-theft%2Fdp%2FB0BR1C59R8%2Fref%3Dsr_1_149_sspa%3Fcrid%3D2M096C61O4MLT%26keywords%3Dbags%26prefix%3Dba%252Caps%252C283%26qid%3D1679414575%26sr%3D8-149-spons%26sp_csd%3Dd2lkZ2V0TmFtZT1zcF9idGY%26psc%3D1,"1,900",4.9
HEROZ Hacker 50 litres Nylon Travel Laptop Backpack Water Resistant Slim Durable Computer Book Bag Tracking Fits Up to 17.3-inch Laptop (058- ALL) (Navy Blue),https://www.amazon.in/sspa/click?ie=UTF8&spc=MTo4MTM5NTE3MzIxMzI2NDM5OjE2Nzk0MTQ1NzU6c3BfYnRmOjIwMDMyNTY1MDQ2ODk4OjowOjo&url=%2FHEROZ-Backpack-Resistant-Computer-17-3-inch%2Fdp%2FB083N3DCTM%2Fref%3Dsr_1_150_sspa%3Fcrid%3D2M096C61O4MLT%26keywords%3Dbags%26prefix%3Dba%252Caps%252C283%26qid%3D1679414575%26sr%3D8-150-spons%26sp_csd%3Dd2lkZ2V0TmFtZT1zcF9idGY%26psc%3D1,"1,439",4.1
"EUME Propine Laptop Backpack | Built-in Massager, Water Resistant & Anti-Theft | Fits Up-to 15.6"" MacBook (Melange, 22L)",https://www.amazon.in/sspa/click?ie=UTF8&spc=MTo4OTE2MzY1OTEwNjkxOTc3OjE2Nzk0MTQ2NDQ6c3BfYXRmX25leHQ6MjAxMjE5NzIyNjA0OTg6OjA6Og&url=%2FEUME-Propine-Massager-Backpack-Charging%2Fdp%2FB07XG935R9%2Fref%3Dsr_1_145_sspa%3Fcrid%3D2M096C61O4MLT%26keywords%3Dbags%26prefix%3Dba%252Caps%252C283%26qid%3D1679414644%26sr%3D8-145-spons%26sp_csd%3Dd2lkZ2V0TmFtZT1zcF9hdGZfbmV4dA%26psc%3D1%26smid%3DAPBFC7AMQ4Q38,"3,499",4.1
The Clownfish Tramp 33 Litre Water Resistant Polyester Two Wheel Laptop Trolley Backpack (Black- Size 48 Cm),https://www.amazon.in/sspa/click?ie=UTF8&spc=MTo4OTE2MzY1OTEwNjkxOTc3OjE2Nzk0MTQ2NDQ6c3BfYXRmX25leHQ6MjAwODAyODgyMjU5OTg6OjA6Og&url=%2FClownfish-Resistant-Polyester-Trolley-Backpack%2Fdp%2FB0BFL7SVSM%2Fref%3Dsr_1_146_sspa%3Fcrid%3D2M096C61O4MLT%26keywords%3Dbags%26prefix%3Dba%252Caps%252C283%26qid%3D1679414644%26sr%3D8-146-spons%26sp_csd%3Dd2lkZ2V0TmFtZT1zcF9hdGZfbmV4dA%26psc%3D1,"5,699",5.0
Lavie Women's Nova Tote Bag | Ladies Purse Handbag,https://www.amazon.in/YuvKuz-TM-Infocus-Digitizer-Assembly/dp/B07MXNWTB2/ref=sr_1_147?crid=2M096C61O4MLT&keywords=bags&prefix=ba%2Caps%2C283&qid=1679414644&sr=8-147,989,4.2
Lavie Sport Chief 34 litres Business Laptop Bags | Premium Backpacks for Men & Women | Durable Office Bag for Notebook/MacBook,https://www.amazon.in/Lavie-Sport-Business-Backpacks-Notebook/dp/B0BTLY572N/ref=sr_1_148?crid=2M096C61O4MLT&keywords=bags&prefix=ba%2Caps%2C283&qid=1679414644&sr=8-148,"1,049",5.0
FUR JADEN 15.6 Anti Theft Laptop Backpack with USB Charging Port Unisex Bag for College Office Suitable for Men Women,https://www.amazon.in/FUR-JADEN-Waterproof-Charging-BM25_Grey/dp/B07FM9BSKW/ref=sr_1_149?crid=2M096C61O4MLT&keywords=bags&prefix=ba%2Caps%2C283&qid=1679414644&sr=8-149,789,4.0
F Gear Yakuza Brown 34 liter Laptop Backpack Sch Bag,https://www.amazon.in/F-Gear-Yakuza-Brown-Laptop-Backpack/dp/B071VNWC1C/ref=sr_1_150?crid=2M096C61O4MLT&keywords=bags&prefix=ba%2Caps%2C283&qid=1679414644&sr=8-150,981.,4.4
Half Moon 45L Hammer Waterproof Laptop Travelling Rucksack Trekking Backpack for Travel Journey bags for Men Women Boys & Girls with 17.3inch Laptop Compartment & Rain cover,https://www.amazon.in/Half-Moon-Trekking-Bags-Compartment/dp/B08PSX1LN9/ref=sr_1_151?crid=2M096C61O4MLT&keywords=bags&prefix=ba%2Caps%2C283&qid=1679414644&sr=8-151,"1,299",4.1
"F Gear Blow Laptop Backpack With Rain Cover 32 Liters (Red,Grey) Sch Bag",https://www.amazon.in/F-Gear-Blow-Laptop-Backpack-Red/dp/B0749MPCFT/ref=sr_1_152?crid=2M096C61O4MLT&keywords=bags&prefix=ba%2Caps%2C283&qid=1679414644&sr=8-152,"1,096",4.4
Cosmus Vogue Casual Laptop Backpack with USB Charger Port 46cm 26 Litre Navy College Bag,https://www.amazon.in/Cosmus-Casual-Backpack-Charger-College/dp/B08D7D2ZFX/ref=sr_1_153?crid=2M096C61O4MLT&keywords=bags&prefix=ba%2Caps%2C283&qid=1679414644&sr=8-153,"1,181",4.2
Wildcraft Work Packs'18 21 Ltrs Black Laptop Backpack (Streak Plus),https://www.amazon.in/Wildcraft-Packs18-Laptop-Backpack-Streak/dp/B07FC4D9B5/ref=sr_1_154?crid=2M096C61O4MLT&keywords=bags&prefix=ba%2Caps%2C283&qid=1679414644&sr=8-154,"1,498",4.4
"uppercase Apex Professional Laptop Backpack (15.6 Inch) 3x more water resistant sustainable bags with rain proof zippers for Men, Women, Boys and Girls, 750 Days warranty",https://www.amazon.in/sspa/click?ie=UTF8&spc=MTo4OTE2MzY1OTEwNjkxOTc3OjE2Nzk0MTQ2NDQ6c3BfbXRmOjIwMTA1NDUxODUxNTk4OjowOjo&url=%2Fuppercase-Professional-Backpack-resistant-sustainable%2Fdp%2FB0BR1D4SL1%2Fref%3Dsr_1_155_sspa%3Fcrid%3D2M096C61O4MLT%26keywords%3Dbags%26prefix%3Dba%252Caps%252C283%26qid%3D1679414644%26sr%3D8-155-spons%26sp_csd%3Dd2lkZ2V0TmFtZT1zcF9tdGY%26psc%3D1,"1,800",4.9
"MOKOBARA Backpack 15.5"" Inch Laptop Backpack For Women (16 litres ) Improved (2022 - Model)",https://www.amazon.in/sspa/click?ie=UTF8&spc=MTo4OTE2MzY1OTEwNjkxOTc3OjE2Nzk0MTQ2NDQ6c3BfbXRmOjIwMTE3Nzk1ODc2OTk4OjowOjo&url=%2FMOKOBARA-TSBPK12CND22001-Backpack-Modern-Love%2Fdp%2FB08T1769X9%2Fref%3Dsr_1_156_sspa%3Fcrid%3D2M096C61O4MLT%26keywords%3Dbags%26prefix%3Dba%252Caps%252C283%26qid%3D1679414644%26sr%3D8-156-spons%26sp_csd%3Dd2lkZ2V0TmFtZT1zcF9tdGY%26psc%3D1%26smid%3DA2ZJIE4OXD710M,"4,499",4.3
motherly 25 ltrs (25 Cms) backpack(5860_grey),https://www.amazon.in/Motherly-Stylish-Babies-Diaper-Mothers/dp/B07DMKJJB4/ref=sr_1_157?crid=2M096C61O4MLT&keywords=bags&prefix=ba%2Caps%2C283&qid=1679414644&sr=8-157,"1,736",4.5
Cosmus Vogue Casual Laptop Backpack with USB Charger Port 44cm 26 Litre Grey College Bag,https://www.amazon.in/Cosmus-Casual-Backpack-Charger-College/dp/B08D7D21FV/ref=sr_1_158?crid=2M096C61O4MLT&keywords=bags&prefix=ba%2Caps%2C283&qid=1679414644&sr=8-158,"1,181",4.2
ADISA Women Girls Floral Print Sling Bag,https://www.amazon.in/ADISA-Women-Girls-Floral-SL5072-CRE_Cream/dp/B09B56BCXR/ref=sr_1_159?crid=2M096C61O4MLT&keywords=bags&prefix=ba%2Caps%2C283&qid=1679414644&sr=8-159,495,4.2
ZIPLOC Polyester 42 Liters Waterproof Laptop Backpack/Office Bag/School Bag/College Bag/Business Bag/Unisex Travel Backpack ( Black ),https://www.amazon.in/ZIPLOC-Polyester-Waterproof-Backpack-Business/dp/B099FFLQ5Q/ref=sr_1_160?crid=2M096C61O4MLT&keywords=bags&prefix=ba%2Caps%2C283&qid=1679414644&sr=8-160,"1,599",3.6
"Lenovo 15.6"" Professional Backpack, Made in India, Water-resistant,Uncompromised storage, Travel friendly:Fleece-lined PC compartment,Vented,Padded BackPanel & Adjustable shoulder straps,Luggage strap",https://www.amazon.in/Lenovo-Professional-Backpack-Water-resistant-Uncompromised/dp/B08R7S55H4/ref=sr_1_161?crid=2M096C61O4MLT&keywords=bags&prefix=ba%2Caps%2C283&qid=1679414644&sr=8-161,999,4.2
"HARISSONS Bags Delta 39 L Polyester Black 15.6 inch Laptop Backpack with Built-in Rain Cover & Anti-Sweat Air Mesh | Office, Travel and Casual Laptop Bag with Detailed Organizers for Men & Women",https://www.amazon.in/Harissons-Backpack-Abrassion-Integrated-backstaps/dp/B07PBKQXCZ/ref=sr_1_162?crid=2M096C61O4MLT&keywords=bags&prefix=ba%2Caps%2C283&qid=1679414644&sr=8-162,"1,822",4.2
DZert Clasy Laptop Bag College Bag for Boys Girls 21 L Nevy Blue,https://www.amazon.in/DZert-Girls-Polyester-White-Backpack/dp/B07H1BPCGQ/ref=sr_1_163?crid=2M096C61O4MLT&keywords=bags&prefix=ba%2Caps%2C283&qid=1679414644&sr=8-163,339,3.8
"Bennett Casual Laptop Bag school bags for boys girls 15.6-inch, 25 LTR Office & College bags for mens Water Repellent Backpack for Men & Women (GREY)",https://www.amazon.in/Bennett-15-6-inch-College-Repellent-Backpack/dp/B09WZKHSDR/ref=sr_1_164?crid=2M096C61O4MLT&keywords=bags&prefix=ba%2Caps%2C283&qid=1679414644&sr=8-164,512,4.0
"uppercase SealPro Professional Laptop Backpack (15.6 Inch) 3x more water resistant sustainable bags with rain proof zippers & Anti-theft for Men, Women, Boys and Girls, 750 Days warranty",https://www.amazon.in/sspa/click?ie=UTF8&spc=MTo4OTE2MzY1OTEwNjkxOTc3OjE2Nzk0MTQ2NDQ6c3BfYnRmOjIwMTA1NzE1ODIxNTk4OjowOjo&url=%2Fuppercase-Professional-resistant-sustainable-Anti-theft%2Fdp%2FB0BR1C59R8%2Fref%3Dsr_1_165_sspa%3Fcrid%3D2M096C61O4MLT%26keywords%3Dbags%26prefix%3Dba%252Caps%252C283%26qid%3D1679414644%26sr%3D8-165-spons%26sp_csd%3Dd2lkZ2V0TmFtZT1zcF9idGY%26psc%3D1,"1,900",4.9
"SINOPACK BAG AND BACKPACK FOR LAPTOP, SCHOOL, 32 LITER (33cms x 22cms x 51cms)",https://www.amazon.in/sspa/click?ie=UTF8&spc=MTo4OTE2MzY1OTEwNjkxOTc3OjE2Nzk0MTQ2NDQ6c3BfYnRmOjIwMDg0MTM4NDM5NDk4OjowOjo&url=%2FSINOPACK-BACKPACK-LAPTOP-SCHOOL-LITER%2Fdp%2FB0BGPDJZ7M%2Fref%3Dsr_1_166_sspa%3Fcrid%3D2M096C61O4MLT%26keywords%3Dbags%26prefix%3Dba%252Caps%252C283%26qid%3D1679414644%26sr%3D8-166-spons%26sp_csd%3Dd2lkZ2V0TmFtZT1zcF9idGY%26psc%3D1,499,5.0
